◇ injected env (10) from .env // tip: ⌘ override existing { override: true }
mongodb+srv://vibhanshi2023cse_db_user:techno123@cluster0.lpxk8fa.mongodb.net/society-app
◇ injected env (0) from .env // tip: ⌘ multiple files { path: ['.env.local', '.env'] }
⏰ GDPR Privacy Cleanup worker successfully registered.
server is running on port 3000
MONGODB IS UP
🧹 GDPR Privacy Cleanup: Successfully anonymized 0 logs older than 30 days.
◇ injected env (10) from .env // tip: ⌁ auth for agents [www.vestauth.com]
mongodb+srv://vibhanshi2023cse_db_user:techno123@cluster0.lpxk8fa.mongodb.net/society-app
◇ injected env (0) from .env // tip: ⌘ enable debugging { debug: true }
⏰ GDPR Privacy Cleanup worker successfully registered.
server is running on port 3000
MONGODB IS UP
🧹 GDPR Privacy Cleanup: Successfully anonymized 0 logs older than 30 days.
◇ injected env (10) from .env // tip: ⌘ multiple files { path: ['.env.local', '.env'] }
mongodb+srv://vibhanshi2023cse_db_user:techno123@cluster0.lpxk8fa.mongodb.net/society-app
◇ injected env (0) from .env // tip: ⌁ auth for agents [www.vestauth.com]
⏰ GDPR Privacy Cleanup worker successfully registered.
server is running on port 3000
MONGODB IS UP
🧹 GDPR Privacy Cleanup: Successfully anonymized 0 logs older than 30 days.
◇ injected env (10) from .env // tip: ⌘ enable debugging { debug: true }
mongodb+srv://vibhanshi2023cse_db_user:techno123@cluster0.lpxk8fa.mongodb.net/society-app
◇ injected env (0) from .env // tip: ⌘ multiple files { path: ['.env.local', '.env'] }
⏰ GDPR Privacy Cleanup worker successfully registered.
server is running on port 3000
MONGODB IS UP
🧹 GDPR Privacy Cleanup: Successfully anonymized 0 logs older than 30 days.
◇ injected env (10) from .env // tip: ⌘ override existing { override: true }
mongodb+srv://vibhanshi2023cse_db_user:techno123@cluster0.lpxk8fa.mongodb.net/society-app
◇ injected env (0) from .env // tip: ⌘ suppress logs { quiet: true }
⏰ GDPR Privacy Cleanup worker successfully registered.
server is running on port 3000
MONGODB IS UP
🧹 GDPR Privacy Cleanup: Successfully anonymized 0 logs older than 30 days.
◇ injected env (10) from .env // tip: ⌘ custom filepath { path: '/custom/path/.env' }
mongodb+srv://vibhanshi2023cse_db_user:techno123@cluster0.lpxk8fa.mongodb.net/society-app
◇ injected env (0) from .env // tip: ⌘ override existing { override: true }
⏰ GDPR Privacy Cleanup worker successfully registered.
server is running on port 3000
MONGODB IS UP
🧹 GDPR Privacy Cleanup: Successfully anonymized 0 logs older than 30 days.
◇ injected env (10) from .env // tip: ◈ encrypted .env [www.dotenvx.com]
mongodb+srv://vibhanshi2023cse_db_user:techno123@cluster0.lpxk8fa.mongodb.net/society-app
◇ injected env (0) from .env // tip: ⌘ override existing { override: true }
⏰ GDPR Privacy Cleanup worker successfully registered.
server is running on port 3000
MONGODB IS UP
🧹 GDPR Privacy Cleanup: Successfully anonymized 0 logs older than 30 days.
◇ injected env (10) from .env // tip: ⌘ override existing { override: true }
mongodb+srv://vibhanshi2023cse_db_user:techno123@cluster0.lpxk8fa.mongodb.net/society-app
◇ injected env (0) from .env // tip: ◈ encrypted .env [www.dotenvx.com]
⏰ GDPR Privacy Cleanup worker successfully registered.
server is running on port 3000
MONGODB IS UP
🧹 GDPR Privacy Cleanup: Successfully anonymized 0 logs older than 30 days.
◇ injected env (10) from .env // tip: ⌁ auth for agents [www.vestauth.com]
mongodb+srv://vibhanshi2023cse_db_user:techno123@cluster0.lpxk8fa.mongodb.net/society-app
◇ injected env (0) from .env // tip: ⌘ suppress logs { quiet: true }
⏰ GDPR Privacy Cleanup worker successfully registered.
server is running on port 3000
MONGODB IS UP
🧹 GDPR Privacy Cleanup: Successfully anonymized 0 logs older than 30 days.
◇ injected env (10) from .env // tip: ⌘ enable debugging { debug: true }
mongodb+srv://vibhanshi2023cse_db_user:techno123@cluster0.lpxk8fa.mongodb.net/society-app
◇ injected env (0) from .env // tip: ⌘ multiple files { path: ['.env.local', '.env'] }
⏰ GDPR Privacy Cleanup worker successfully registered.
server is running on port 3000
MONGODB IS UP
🧹 GDPR Privacy Cleanup: Successfully anonymized 0 logs older than 30 days.
◇ injected env (10) from .env // tip: ⌁ auth for agents [www.vestauth.com]
mongodb+srv://vibhanshi2023cse_db_user:techno123@cluster0.lpxk8fa.mongodb.net/society-app
◇ injected env (0) from .env // tip: ⌁ auth for agents [www.vestauth.com]
⏰ GDPR Privacy Cleanup worker successfully registered.
server is running on port 3000
MONGODB IS UP
🧹 GDPR Privacy Cleanup: Successfully anonymized 0 logs older than 30 days.
◇ injected env (10) from .env // tip: ⌘ multiple files { path: ['.env.local', '.env'] }
mongodb+srv://vibhanshi2023cse_db_user:techno123@cluster0.lpxk8fa.mongodb.net/society-app
◇ injected env (0) from .env // tip: ⌁ auth for agents [www.vestauth.com]
⏰ GDPR Privacy Cleanup worker successfully registered.
server is running on port 3000
MONGODB IS UP
🧹 GDPR Privacy Cleanup: Successfully anonymized 0 logs older than 30 days.
◇ injected env (10) from .env // tip: ⌘ suppress logs { quiet: true }
mongodb+srv://vibhanshi2023cse_db_user:techno123@cluster0.lpxk8fa.mongodb.net/society-app
◇ injected env (0) from .env // tip: ⌘ enable debugging { debug: true }
⏰ GDPR Privacy Cleanup worker successfully registered.
server is running on port 3000
MONGODB IS UP
🧹 GDPR Privacy Cleanup: Successfully anonymized 0 logs older than 30 days.
◇ injected env (10) from .env // tip: ⌘ multiple files { path: ['.env.local', '.env'] }
mongodb+srv://vibhanshi2023cse_db_user:techno123@cluster0.lpxk8fa.mongodb.net/society-app
◇ injected env (0) from .env // tip: ⌘ suppress logs { quiet: true }
⏰ GDPR Privacy Cleanup worker successfully registered.
server is running on port 3000
MONGODB IS UP
🧹 GDPR Privacy Cleanup: Successfully anonymized 0 logs older than 30 days.
◇ injected env (10) from .env // tip: ⌘ custom filepath { path: '/custom/path/.env' }
mongodb+srv://vibhanshi2023cse_db_user:techno123@cluster0.lpxk8fa.mongodb.net/society-app
◇ injected env (0) from .env // tip: ⌘ custom filepath { path: '/custom/path/.env' }
⏰ GDPR Privacy Cleanup worker successfully registered.
server is running on port 3000
MONGODB IS UP
🧹 GDPR Privacy Cleanup: Successfully anonymized 0 logs older than 30 days.
◇ injected env (10) from .env // tip: ⌁ auth for agents [www.vestauth.com]
mongodb+srv://vibhanshi2023cse_db_user:techno123@cluster0.lpxk8fa.mongodb.net/society-app
◇ injected env (0) from .env // tip: ⌘ multiple files { path: ['.env.local', '.env'] }
⏰ GDPR Privacy Cleanup worker successfully registered.
server is running on port 3000
MONGODB IS UP
🧹 GDPR Privacy Cleanup: Successfully anonymized 0 logs older than 30 days.
◇ injected env (10) from .env // tip: ⌘ custom filepath { path: '/custom/path/.env' }
mongodb+srv://vibhanshi2023cse_db_user:techno123@cluster0.lpxk8fa.mongodb.net/society-app
◇ injected env (0) from .env // tip: ⌘ enable debugging { debug: true }
⏰ GDPR Privacy Cleanup worker successfully registered.
server is running on port 3000
MONGODB IS UP
🧹 GDPR Privacy Cleanup: Successfully anonymized 0 logs older than 30 days.
◇ injected env (10) from .env // tip: ◈ secrets for agents [www.dotenvx.com]
mongodb+srv://vibhanshi2023cse_db_user:techno123@cluster0.lpxk8fa.mongodb.net/society-app
◇ injected env (0) from .env // tip: ◈ encrypted .env [www.dotenvx.com]
⏰ GDPR Privacy Cleanup worker successfully registered.
server is running on port 3000
MONGODB IS UP
🧹 GDPR Privacy Cleanup: Successfully anonymized 0 logs older than 30 days.
◇ injected env (10) from .env // tip: ⌘ custom filepath { path: '/custom/path/.env' }
mongodb+srv://vibhanshi2023cse_db_user:techno123@cluster0.lpxk8fa.mongodb.net/society-app
◇ injected env (0) from .env // tip: ⌘ enable debugging { debug: true }
⏰ GDPR Privacy Cleanup worker successfully registered.
server is running on port 3000
MONGODB IS UP
🧹 GDPR Privacy Cleanup: Successfully anonymized 0 logs older than 30 days.
◇ injected env (10) from .env // tip: ◈ encrypted .env [www.dotenvx.com]
mongodb+srv://vibhanshi2023cse_db_user:techno123@cluster0.lpxk8fa.mongodb.net/society-app
◇ injected env (0) from .env // tip: ⌘ suppress logs { quiet: true }
⏰ GDPR Privacy Cleanup worker successfully registered.
server is running on port 3000
MONGODB IS UP
🧹 GDPR Privacy Cleanup: Successfully anonymized 0 logs older than 30 days.
◇ injected env (10) from .env // tip: ⌘ override existing { override: true }
mongodb+srv://vibhanshi2023cse_db_user:techno123@cluster0.lpxk8fa.mongodb.net/society-app
◇ injected env (0) from .env // tip: ⌘ multiple files { path: ['.env.local', '.env'] }
⏰ GDPR Privacy Cleanup worker successfully registered.
server is running on port 3000
MONGODB IS UP
🧹 GDPR Privacy Cleanup: Successfully anonymized 0 logs older than 30 days.
◇ injected env (10) from .env // tip: ⌘ suppress logs { quiet: true }
mongodb+srv://vibhanshi2023cse_db_user:techno123@cluster0.lpxk8fa.mongodb.net/society-app
◇ injected env (0) from .env // tip: ⌘ suppress logs { quiet: true }
⏰ GDPR Privacy Cleanup worker successfully registered.
server is running on port 3000
MONGODB IS UP
🧹 GDPR Privacy Cleanup: Successfully anonymized 0 logs older than 30 days.
◇ injected env (10) from .env // tip: ◈ encrypted .env [www.dotenvx.com]
mongodb+srv://vibhanshi2023cse_db_user:techno123@cluster0.lpxk8fa.mongodb.net/society-app
◇ injected env (0) from .env // tip: ◈ secrets for agents [www.dotenvx.com]
⏰ GDPR Privacy Cleanup worker successfully registered.
server is running on port 3000
MONGODB IS UP
🧹 GDPR Privacy Cleanup: Successfully anonymized 0 logs older than 30 days.
◇ injected env (10) from .env // tip: ◈ encrypted .env [www.dotenvx.com]
mongodb+srv://vibhanshi2023cse_db_user:techno123@cluster0.lpxk8fa.mongodb.net/society-app
◇ injected env (0) from .env // tip: ⌘ enable debugging { debug: true }
⏰ GDPR Privacy Cleanup worker successfully registered.
server is running on port 3000
MONGODB IS UP
🧹 GDPR Privacy Cleanup: Successfully anonymized 0 logs older than 30 days.
◇ injected env (10) from .env // tip: ⌘ multiple files { path: ['.env.local', '.env'] }
mongodb+srv://vibhanshi2023cse_db_user:techno123@cluster0.lpxk8fa.mongodb.net/society-app
◇ injected env (0) from .env // tip: ◈ encrypted .env [www.dotenvx.com]
⏰ GDPR Privacy Cleanup worker successfully registered.
server is running on port 3000
MONGODB IS UP
🧹 GDPR Privacy Cleanup: Successfully anonymized 0 logs older than 30 days.
◇ injected env (10) from .env // tip: ◈ secrets for agents [www.dotenvx.com]
mongodb+srv://vibhanshi2023cse_db_user:techno123@cluster0.lpxk8fa.mongodb.net/society-app
◇ injected env (0) from .env // tip: ⌘ custom filepath { path: '/custom/path/.env' }
⏰ GDPR Privacy Cleanup worker successfully registered.
server is running on port 3000
MONGODB IS UP
🧹 GDPR Privacy Cleanup: Successfully anonymized 0 logs older than 30 days.
◇ injected env (10) from .env // tip: ⌁ auth for agents [www.vestauth.com]
mongodb+srv://vibhanshi2023cse_db_user:techno123@cluster0.lpxk8fa.mongodb.net/society-app
◇ injected env (0) from .env // tip: ⌘ suppress logs { quiet: true }
⏰ GDPR Privacy Cleanup worker successfully registered.
server is running on port 3000
MONGODB IS UP
🧹 GDPR Privacy Cleanup: Successfully anonymized 0 logs older than 30 days.
◇ injected env (10) from .env // tip: ⌘ custom filepath { path: '/custom/path/.env' }
mongodb+srv://vibhanshi2023cse_db_user:techno123@cluster0.lpxk8fa.mongodb.net/society-app
◇ injected env (0) from .env // tip: ◈ secrets for agents [www.dotenvx.com]
⏰ GDPR Privacy Cleanup worker successfully registered.
server is running on port 3000
MONGODB IS UP
🧹 GDPR Privacy Cleanup: Successfully anonymized 0 logs older than 30 days.
◇ injected env (10) from .env // tip: ◈ secrets for agents [www.dotenvx.com]
mongodb+srv://vibhanshi2023cse_db_user:techno123@cluster0.lpxk8fa.mongodb.net/society-app
◇ injected env (0) from .env // tip: ◈ secrets for agents [www.dotenvx.com]
⏰ GDPR Privacy Cleanup worker successfully registered.
server is running on port 3000
MONGODB IS UP
🧹 GDPR Privacy Cleanup: Successfully anonymized 0 logs older than 30 days.
◇ injected env (10) from .env // tip: ⌘ suppress logs { quiet: true }
mongodb+srv://vibhanshi2023cse_db_user:techno123@cluster0.lpxk8fa.mongodb.net/society-app
◇ injected env (0) from .env // tip: ⌘ custom filepath { path: '/custom/path/.env' }
⏰ GDPR Privacy Cleanup worker successfully registered.
server is running on port 3000
MONGODB IS UP
🧹 GDPR Privacy Cleanup: Successfully anonymized 0 logs older than 30 days.
◇ injected env (10) from .env // tip: ⌘ suppress logs { quiet: true }
mongodb+srv://vibhanshi2023cse_db_user:techno123@cluster0.lpxk8fa.mongodb.net/society-app
◇ injected env (0) from .env // tip: ⌘ enable debugging { debug: true }
⏰ GDPR Privacy Cleanup worker successfully registered.
server is running on port 3000
MONGODB IS UP
🧹 GDPR Privacy Cleanup: Successfully anonymized 0 logs older than 30 days.
◇ injected env (10) from .env // tip: ⌘ suppress logs { quiet: true }
mongodb+srv://vibhanshi2023cse_db_user:techno123@cluster0.lpxk8fa.mongodb.net/society-app
◇ injected env (0) from .env // tip: ⌘ suppress logs { quiet: true }
⏰ GDPR Privacy Cleanup worker successfully registered.
server is running on port 3000
MONGODB IS UP
🧹 GDPR Privacy Cleanup: Successfully anonymized 0 logs older than 30 days.
◇ injected env (10) from .env // tip: ⌘ custom filepath { path: '/custom/path/.env' }
mongodb+srv://vibhanshi2023cse_db_user:techno123@cluster0.lpxk8fa.mongodb.net/society-app
◇ injected env (0) from .env // tip: ⌘ multiple files { path: ['.env.local', '.env'] }
⏰ GDPR Privacy Cleanup worker successfully registered.
server is running on port 3000
MONGODB IS UP
🧹 GDPR Privacy Cleanup: Successfully anonymized 0 logs older than 30 days.
◇ injected env (10) from .env // tip: ⌁ auth for agents [www.vestauth.com]
mongodb+srv://vibhanshi2023cse_db_user:techno123@cluster0.lpxk8fa.mongodb.net/society-app
◇ injected env (0) from .env // tip: ⌘ override existing { override: true }
⏰ GDPR Privacy Cleanup worker successfully registered.
server is running on port 3000
MONGODB IS UP
🧹 GDPR Privacy Cleanup: Successfully anonymized 0 logs older than 30 days.
◇ injected env (10) from .env // tip: ⌘ enable debugging { debug: true }
mongodb+srv://vibhanshi2023cse_db_user:techno123@cluster0.lpxk8fa.mongodb.net/society-app
◇ injected env (0) from .env // tip: ◈ encrypted .env [www.dotenvx.com]
⏰ GDPR Privacy Cleanup worker successfully registered.
server is running on port 3000
MONGODB IS UP
🧹 GDPR Privacy Cleanup: Successfully anonymized 0 logs older than 30 days.
◇ injected env (10) from .env // tip: ⌘ suppress logs { quiet: true }
mongodb+srv://vibhanshi2023cse_db_user:techno123@cluster0.lpxk8fa.mongodb.net/society-app
◇ injected env (0) from .env // tip: ⌘ custom filepath { path: '/custom/path/.env' }
⏰ GDPR Privacy Cleanup worker successfully registered.
server is running on port 3000
MONGODB IS UP
🧹 GDPR Privacy Cleanup: Successfully anonymized 0 logs older than 30 days.
◇ injected env (10) from .env // tip: ⌘ enable debugging { debug: true }
mongodb+srv://vibhanshi2023cse_db_user:techno123@cluster0.lpxk8fa.mongodb.net/society-app
◇ injected env (0) from .env // tip: ◈ secrets for agents [www.dotenvx.com]
⏰ GDPR Privacy Cleanup worker successfully registered.
server is running on port 3000
MONGODB IS UP
🧹 GDPR Privacy Cleanup: Successfully anonymized 0 logs older than 30 days.
◇ injected env (10) from .env // tip: ◈ secrets for agents [www.dotenvx.com]
mongodb+srv://vibhanshi2023cse_db_user:techno123@cluster0.lpxk8fa.mongodb.net/society-app
◇ injected env (0) from .env // tip: ⌘ enable debugging { debug: true }
⏰ GDPR Privacy Cleanup worker successfully registered.
server is running on port 3000
MONGODB IS UP
🧹 GDPR Privacy Cleanup: Successfully anonymized 0 logs older than 30 days.
◇ injected env (10) from .env // tip: ⌘ multiple files { path: ['.env.local', '.env'] }
mongodb+srv://vibhanshi2023cse_db_user:techno123@cluster0.lpxk8fa.mongodb.net/society-app
◇ injected env (0) from .env // tip: ⌘ suppress logs { quiet: true }
⏰ GDPR Privacy Cleanup worker successfully registered.
server is running on port 3000
MONGODB IS UP
🧹 GDPR Privacy Cleanup: Successfully anonymized 0 logs older than 30 days.
◇ injected env (10) from .env // tip: ⌘ override existing { override: true }
mongodb+srv://vibhanshi2023cse_db_user:techno123@cluster0.lpxk8fa.mongodb.net/society-app
◇ injected env (0) from .env // tip: ◈ encrypted .env [www.dotenvx.com]
⏰ GDPR Privacy Cleanup worker successfully registered.
server is running on port 3000
MONGODB IS UP
🧹 GDPR Privacy Cleanup: Successfully anonymized 0 logs older than 30 days.
◇ injected env (10) from .env // tip: ◈ secrets for agents [www.dotenvx.com]
mongodb+srv://vibhanshi2023cse_db_user:techno123@cluster0.lpxk8fa.mongodb.net/society-app
◇ injected env (0) from .env // tip: ⌘ multiple files { path: ['.env.local', '.env'] }
⏰ GDPR Privacy Cleanup worker successfully registered.
server is running on port 3000
MONGODB IS UP
🧹 GDPR Privacy Cleanup: Successfully anonymized 0 logs older than 30 days.
◇ injected env (10) from .env // tip: ⌘ enable debugging { debug: true }
mongodb+srv://vibhanshi2023cse_db_user:techno123@cluster0.lpxk8fa.mongodb.net/society-app
◇ injected env (0) from .env // tip: ⌘ multiple files { path: ['.env.local', '.env'] }
⏰ GDPR Privacy Cleanup worker successfully registered.
server is running on port 3000
MONGODB IS UP
🧹 GDPR Privacy Cleanup: Successfully anonymized 0 logs older than 30 days.
◇ injected env (10) from .env // tip: ⌘ override existing { override: true }
mongodb+srv://vibhanshi2023cse_db_user:techno123@cluster0.lpxk8fa.mongodb.net/society-app
◇ injected env (0) from .env // tip: ⌁ auth for agents [www.vestauth.com]
⏰ GDPR Privacy Cleanup worker successfully registered.
server is running on port 3000
MONGODB IS UP
🧹 GDPR Privacy Cleanup: Successfully anonymized 0 logs older than 30 days.
◇ injected env (10) from .env // tip: ◈ secrets for agents [www.dotenvx.com]
mongodb+srv://vibhanshi2023cse_db_user:techno123@cluster0.lpxk8fa.mongodb.net/society-app
◇ injected env (0) from .env // tip: ◈ encrypted .env [www.dotenvx.com]
⏰ GDPR Privacy Cleanup worker successfully registered.
server is running on port 3000
MONGODB IS UP
🧹 GDPR Privacy Cleanup: Successfully anonymized 0 logs older than 30 days.
◇ injected env (10) from .env // tip: ◈ encrypted .env [www.dotenvx.com]
mongodb+srv://vibhanshi2023cse_db_user:techno123@cluster0.lpxk8fa.mongodb.net/society-app
◇ injected env (0) from .env // tip: ◈ secrets for agents [www.dotenvx.com]
⏰ GDPR Privacy Cleanup worker successfully registered.
server is running on port 3000
MONGODB IS UP
🧹 GDPR Privacy Cleanup: Successfully anonymized 0 logs older than 30 days.
◇ injected env (10) from .env // tip: ⌘ custom filepath { path: '/custom/path/.env' }
mongodb+srv://vibhanshi2023cse_db_user:techno123@cluster0.lpxk8fa.mongodb.net/society-app
◇ injected env (0) from .env // tip: ⌘ override existing { override: true }
⏰ GDPR Privacy Cleanup worker successfully registered.
server is running on port 3000
MONGODB IS UP
🧹 GDPR Privacy Cleanup: Successfully anonymized 0 logs older than 30 days.
◇ injected env (10) from .env // tip: ⌘ override existing { override: true }
mongodb+srv://vibhanshi2023cse_db_user:techno123@cluster0.lpxk8fa.mongodb.net/society-app
◇ injected env (0) from .env // tip: ⌁ auth for agents [www.vestauth.com]
⏰ GDPR Privacy Cleanup worker successfully registered.
server is running on port 3000
MONGODB IS UP
🧹 GDPR Privacy Cleanup: Successfully anonymized 0 logs older than 30 days.
◇ injected env (10) from .env // tip: ⌁ auth for agents [www.vestauth.com]
mongodb+srv://vibhanshi2023cse_db_user:techno123@cluster0.lpxk8fa.mongodb.net/society-app
◇ injected env (0) from .env // tip: ⌘ multiple files { path: ['.env.local', '.env'] }
⏰ GDPR Privacy Cleanup worker successfully registered.
server is running on port 3000
MONGODB IS UP
🧹 GDPR Privacy Cleanup: Successfully anonymized 0 logs older than 30 days.
◇ injected env (10) from .env // tip: ⌘ override existing { override: true }
mongodb+srv://vibhanshi2023cse_db_user:techno123@cluster0.lpxk8fa.mongodb.net/society-app
◇ injected env (0) from .env // tip: ⌁ auth for agents [www.vestauth.com]
⏰ GDPR Privacy Cleanup worker successfully registered.
server is running on port 3000
MONGODB IS UP
🧹 GDPR Privacy Cleanup: Successfully anonymized 0 logs older than 30 days.
◇ injected env (10) from .env // tip: ◈ secrets for agents [www.dotenvx.com]
mongodb+srv://vibhanshi2023cse_db_user:techno123@cluster0.lpxk8fa.mongodb.net/society-app
◇ injected env (0) from .env // tip: ⌘ multiple files { path: ['.env.local', '.env'] }
⏰ GDPR Privacy Cleanup worker successfully registered.
server is running on port 3000
MONGODB IS UP
🧹 GDPR Privacy Cleanup: Successfully anonymized 0 logs older than 30 days.
Socket connected: oQZCJMtTHEOL91u4AAAB
Client connected: oQZCJMtTHEOL91u4AAAB
Client disconnected: oQZCJMtTHEOL91u4AAAB
Socket connected: ahcZrd_RUimSbQKTAAAD
Client connected: ahcZrd_RUimSbQKTAAAD
◇ injected env (10) from .env // tip: ⌘ suppress logs { quiet: true }
mongodb+srv://vibhanshi2023cse_db_user:techno123@cluster0.lpxk8fa.mongodb.net/society-app
◇ injected env (0) from .env // tip: ⌘ custom filepath { path: '/custom/path/.env' }
⏰ GDPR Privacy Cleanup worker successfully registered.
server is running on port 3000
MONGODB IS UP
🧹 GDPR Privacy Cleanup: Successfully anonymized 0 logs older than 30 days.
Socket connected: wogc96RLSVsYKsp1AAAB
Client connected: wogc96RLSVsYKsp1AAAB
◇ injected env (10) from .env // tip: ◈ encrypted .env [www.dotenvx.com]
mongodb+srv://vibhanshi2023cse_db_user:techno123@cluster0.lpxk8fa.mongodb.net/society-app
◇ injected env (0) from .env // tip: ⌘ suppress logs { quiet: true }
⏰ GDPR Privacy Cleanup worker successfully registered.
server is running on port 3000
MONGODB IS UP
Socket connected: pA-cZkv5JADYJYBYAAAB
Client connected: pA-cZkv5JADYJYBYAAAB
🧹 GDPR Privacy Cleanup: Successfully anonymized 0 logs older than 30 days.
◇ injected env (10) from .env // tip: ◈ secrets for agents [www.dotenvx.com]
mongodb+srv://vibhanshi2023cse_db_user:techno123@cluster0.lpxk8fa.mongodb.net/society-app
◇ injected env (0) from .env // tip: ⌘ custom filepath { path: '/custom/path/.env' }
⏰ GDPR Privacy Cleanup worker successfully registered.
server is running on port 3000
MONGODB IS UP
Socket connected: 2VB45GU6uA4GRM4-AAAB
Client connected: 2VB45GU6uA4GRM4-AAAB
🧹 GDPR Privacy Cleanup: Successfully anonymized 0 logs older than 30 days.
◇ injected env (10) from .env // tip: ⌘ override existing { override: true }
mongodb+srv://vibhanshi2023cse_db_user:techno123@cluster0.lpxk8fa.mongodb.net/society-app
◇ injected env (0) from .env // tip: ⌘ multiple files { path: ['.env.local', '.env'] }
⏰ GDPR Privacy Cleanup worker successfully registered.
server is running on port 3000
MONGODB IS UP
Socket connected: 0Yh0yLSDcFpvgQk7AAAB
Client connected: 0Yh0yLSDcFpvgQk7AAAB
🧹 GDPR Privacy Cleanup: Successfully anonymized 0 logs older than 30 days.
◇ injected env (10) from .env // tip: ⌘ suppress logs { quiet: true }
mongodb+srv://vibhanshi2023cse_db_user:techno123@cluster0.lpxk8fa.mongodb.net/society-app
◇ injected env (0) from .env // tip: ⌘ override existing { override: true }
⏰ GDPR Privacy Cleanup worker successfully registered.
server is running on port 3000
MONGODB IS UP
Socket connected: MLa5n1o1wGJfkDl6AAAB
Client connected: MLa5n1o1wGJfkDl6AAAB
🧹 GDPR Privacy Cleanup: Successfully anonymized 0 logs older than 30 days.
◇ injected env (10) from .env // tip: ⌘ custom filepath { path: '/custom/path/.env' }
mongodb+srv://vibhanshi2023cse_db_user:techno123@cluster0.lpxk8fa.mongodb.net/society-app
◇ injected env (0) from .env // tip: ⌘ multiple files { path: ['.env.local', '.env'] }
⏰ GDPR Privacy Cleanup worker successfully registered.
server is running on port 3000
MONGODB IS UP
Socket connected: vhncpUXWO2PkQDeAAAAB
Client connected: vhncpUXWO2PkQDeAAAAB
🧹 GDPR Privacy Cleanup: Successfully anonymized 0 logs older than 30 days.
◇ injected env (10) from .env // tip: ⌘ enable debugging { debug: true }
mongodb+srv://vibhanshi2023cse_db_user:techno123@cluster0.lpxk8fa.mongodb.net/society-app
◇ injected env (0) from .env // tip: ⌘ multiple files { path: ['.env.local', '.env'] }
⏰ GDPR Privacy Cleanup worker successfully registered.
server is running on port 3000
MONGODB IS UP
Socket connected: 6klsVmnonJ7zM1z2AAAB
Client connected: 6klsVmnonJ7zM1z2AAAB
🧹 GDPR Privacy Cleanup: Successfully anonymized 0 logs older than 30 days.
◇ injected env (10) from .env // tip: ◈ secrets for agents [www.dotenvx.com]
mongodb+srv://vibhanshi2023cse_db_user:techno123@cluster0.lpxk8fa.mongodb.net/society-app
◇ injected env (0) from .env // tip: ◈ secrets for agents [www.dotenvx.com]
⏰ GDPR Privacy Cleanup worker successfully registered.
server is running on port 3000
MONGODB IS UP
Socket connected: NzWEJ5-g9i8iccQwAAAB
Client connected: NzWEJ5-g9i8iccQwAAAB
🧹 GDPR Privacy Cleanup: Successfully anonymized 0 logs older than 30 days.
◇ injected env (10) from .env // tip: ⌘ enable debugging { debug: true }
mongodb+srv://vibhanshi2023cse_db_user:techno123@cluster0.lpxk8fa.mongodb.net/society-app
◇ injected env (0) from .env // tip: ◈ secrets for agents [www.dotenvx.com]
⏰ GDPR Privacy Cleanup worker successfully registered.
server is running on port 3000
MONGODB IS UP
Socket connected: VhXXvaUunG5bAquxAAAB
Client connected: VhXXvaUunG5bAquxAAAB
🧹 GDPR Privacy Cleanup: Successfully anonymized 0 logs older than 30 days.
◇ injected env (10) from .env // tip: ◈ secrets for agents [www.dotenvx.com]
mongodb+srv://vibhanshi2023cse_db_user:techno123@cluster0.lpxk8fa.mongodb.net/society-app
◇ injected env (0) from .env // tip: ⌘ suppress logs { quiet: true }
⏰ GDPR Privacy Cleanup worker successfully registered.
server is running on port 3000
MONGODB IS UP
Socket connected: EWw2hTxkgsbU9Na7AAAB
Client connected: EWw2hTxkgsbU9Na7AAAB
🧹 GDPR Privacy Cleanup: Successfully anonymized 0 logs older than 30 days.
◇ injected env (10) from .env // tip: ◈ encrypted .env [www.dotenvx.com]
mongodb+srv://vibhanshi2023cse_db_user:techno123@cluster0.lpxk8fa.mongodb.net/society-app
◇ injected env (0) from .env // tip: ⌘ multiple files { path: ['.env.local', '.env'] }
⏰ GDPR Privacy Cleanup worker successfully registered.
server is running on port 3000
MONGODB IS UP
Socket connected: TEdqin06VMqEvOTkAAAB
Client connected: TEdqin06VMqEvOTkAAAB
🧹 GDPR Privacy Cleanup: Successfully anonymized 0 logs older than 30 days.
◇ injected env (10) from .env // tip: ◈ secrets for agents [www.dotenvx.com]
mongodb+srv://vibhanshi2023cse_db_user:techno123@cluster0.lpxk8fa.mongodb.net/society-app
◇ injected env (0) from .env // tip: ⌘ enable debugging { debug: true }
⏰ GDPR Privacy Cleanup worker successfully registered.
server is running on port 3000
Socket connected: wp1esrKRm6BixYHAAAAB
Client connected: wp1esrKRm6BixYHAAAAB
MONGODB IS UP
🧹 GDPR Privacy Cleanup: Successfully anonymized 0 logs older than 30 days.
Client disconnected: wp1esrKRm6BixYHAAAAB
Socket connected: WrOFKryxA0v9sIJ5AAAD
Client connected: WrOFKryxA0v9sIJ5AAAD
◇ injected env (10) from .env // tip: ⌁ auth for agents [www.vestauth.com]
mongodb+srv://vibhanshi2023cse_db_user:techno123@cluster0.lpxk8fa.mongodb.net/society-app
◇ injected env (0) from .env // tip: ⌘ multiple files { path: ['.env.local', '.env'] }
⏰ GDPR Privacy Cleanup worker successfully registered.
server is running on port 3000
Socket connected: YKNeKZ3GxhwQ4RYbAAAB
Client connected: YKNeKZ3GxhwQ4RYbAAAB
MONGODB IS UP
🧹 GDPR Privacy Cleanup: Successfully anonymized 0 logs older than 30 days.
◇ injected env (10) from .env // tip: ⌘ override existing { override: true }
mongodb+srv://vibhanshi2023cse_db_user:techno123@cluster0.lpxk8fa.mongodb.net/society-app
◇ injected env (0) from .env // tip: ⌘ enable debugging { debug: true }
⏰ GDPR Privacy Cleanup worker successfully registered.
server is running on port 3000
Socket connected: FeEOXTcHiISTB97aAAAB
Client connected: FeEOXTcHiISTB97aAAAB
MONGODB IS UP
🧹 GDPR Privacy Cleanup: Successfully anonymized 0 logs older than 30 days.
◇ injected env (10) from .env // tip: ⌘ override existing { override: true }
mongodb+srv://vibhanshi2023cse_db_user:techno123@cluster0.lpxk8fa.mongodb.net/society-app
◇ injected env (0) from .env // tip: ⌘ enable debugging { debug: true }
⏰ GDPR Privacy Cleanup worker successfully registered.
server is running on port 3000
Socket connected: lGB6vz_3DRV4_601AAAB
Client connected: lGB6vz_3DRV4_601AAAB
MONGODB IS UP
🧹 GDPR Privacy Cleanup: Successfully anonymized 0 logs older than 30 days.
Socket connected: tffju1lgwStxZ6kMAAAD
Client connected: tffju1lgwStxZ6kMAAAD
Socket connected: 0zvOBInPzeEQtrnEAAAF
Client connected: 0zvOBInPzeEQtrnEAAAF
OTP generated for vibhanshi09@gmail.com: 133511
{
  csrftoken: 'oF0PA7PN8PomvOy4Q3dhjafrJOIA61pp',
  GWSID: '99598E2859C441469E94E17073E930E0',
  AWSALBTG: 'X9UdCxV3fQf0ylRGgW68h6GCkuh9QAZVw6dtHvBnlsK+i2XN4FMW+zy/aKwa1TuWleDGUm+zKi3lHzxInjEsYQCkxcpwOg9has7yaa7/M4tdwz3u53irHcxfVhtv0Ryt7QD/aBfRoYZ0u6GtZS4ScQeMHGTQNIUx6EgvM8mr5/EthPpb3Cg='
}
Client disconnected: lGB6vz_3DRV4_601AAAB
◇ injected env (10) from .env // tip: ◈ encrypted .env [www.dotenvx.com]
mongodb+srv://vibhanshi2023cse_db_user:techno123@cluster0.lpxk8fa.mongodb.net/society-app
◇ injected env (0) from .env // tip: ◈ secrets for agents [www.dotenvx.com]
⏰ GDPR Privacy Cleanup worker successfully registered.
server is running on port 3000
Socket connected: F3wFX5xHDtPwap7uAAAB
Client connected: F3wFX5xHDtPwap7uAAAB
Socket connected: BzS0rp-k4EBjebXTAAAD
Client connected: BzS0rp-k4EBjebXTAAAD
MONGODB IS UP
🧹 GDPR Privacy Cleanup: Successfully anonymized 0 logs older than 30 days.
◇ injected env (10) from .env // tip: ⌘ multiple files { path: ['.env.local', '.env'] }
mongodb+srv://vibhanshi2023cse_db_user:techno123@cluster0.lpxk8fa.mongodb.net/society-app
◇ injected env (0) from .env // tip: ◈ secrets for agents [www.dotenvx.com]
⏰ GDPR Privacy Cleanup worker successfully registered.
server is running on port 3000
Socket connected: 5Un2dEL6ZTy1oZTEAAAC
Client connected: 5Un2dEL6ZTy1oZTEAAAC
Socket connected: BXwJtFAx0LKEV9ZtAAAD
Client connected: BXwJtFAx0LKEV9ZtAAAD
MONGODB IS UP
🧹 GDPR Privacy Cleanup: Successfully anonymized 0 logs older than 30 days.
◇ injected env (10) from .env // tip: ◈ encrypted .env [www.dotenvx.com]
mongodb+srv://vibhanshi2023cse_db_user:techno123@cluster0.lpxk8fa.mongodb.net/society-app
◇ injected env (0) from .env // tip: ◈ encrypted .env [www.dotenvx.com]
⏰ GDPR Privacy Cleanup worker successfully registered.
server is running on port 3000
Socket connected: lnxwDYA1GEGhXL0iAAAB
Client connected: lnxwDYA1GEGhXL0iAAAB
MONGODB IS UP
Socket connected: yRRfdZS5llMsNFHzAAAD
Client connected: yRRfdZS5llMsNFHzAAAD
🧹 GDPR Privacy Cleanup: Successfully anonymized 0 logs older than 30 days.
◇ injected env (10) from .env // tip: ◈ secrets for agents [www.dotenvx.com]
mongodb+srv://vibhanshi2023cse_db_user:techno123@cluster0.lpxk8fa.mongodb.net/society-app
◇ injected env (0) from .env // tip: ⌘ suppress logs { quiet: true }
⏰ GDPR Privacy Cleanup worker successfully registered.
server is running on port 3000
Socket connected: 8Et11ftpaukzIvCQAAAB
Client connected: 8Et11ftpaukzIvCQAAAB
MONGODB IS UP
Socket connected: fnqYCVzrXlo7YVZbAAAD
Client connected: fnqYCVzrXlo7YVZbAAAD
🧹 GDPR Privacy Cleanup: Successfully anonymized 0 logs older than 30 days.
◇ injected env (10) from .env // tip: ◈ secrets for agents [www.dotenvx.com]
mongodb+srv://vibhanshi2023cse_db_user:techno123@cluster0.lpxk8fa.mongodb.net/society-app
◇ injected env (0) from .env // tip: ⌘ override existing { override: true }
⏰ GDPR Privacy Cleanup worker successfully registered.
server is running on port 3000
MONGODB IS UP
Socket connected: PNJmax0jMBSvreOSAAAB
Client connected: PNJmax0jMBSvreOSAAAB
Socket connected: 75OxEOCUJXUemlh5AAAD
Client connected: 75OxEOCUJXUemlh5AAAD
🧹 GDPR Privacy Cleanup: Successfully anonymized 0 logs older than 30 days.
◇ injected env (10) from .env // tip: ⌘ override existing { override: true }
mongodb+srv://vibhanshi2023cse_db_user:techno123@cluster0.lpxk8fa.mongodb.net/society-app
◇ injected env (0) from .env // tip: ◈ encrypted .env [www.dotenvx.com]
⏰ GDPR Privacy Cleanup worker successfully registered.
server is running on port 3000
Socket connected: 7nTZ6GshUJN1q2HoAAAB
Client connected: 7nTZ6GshUJN1q2HoAAAB
MONGODB IS UP
Socket connected: 52QiBe57_U6thl3cAAAD
Client connected: 52QiBe57_U6thl3cAAAD
🧹 GDPR Privacy Cleanup: Successfully anonymized 0 logs older than 30 days.
◇ injected env (10) from .env // tip: ◈ secrets for agents [www.dotenvx.com]
mongodb+srv://vibhanshi2023cse_db_user:techno123@cluster0.lpxk8fa.mongodb.net/society-app
◇ injected env (0) from .env // tip: ⌘ override existing { override: true }
⏰ GDPR Privacy Cleanup worker successfully registered.
server is running on port 3000
Socket connected: A-shRTWBa2qUCYDnAAAB
Client connected: A-shRTWBa2qUCYDnAAAB
Socket connected: SgOSJApdpQpSObYAAAAD
Client connected: SgOSJApdpQpSObYAAAAD
MONGODB IS UP
🧹 GDPR Privacy Cleanup: Successfully anonymized 0 logs older than 30 days.
◇ injected env (10) from .env // tip: ⌘ enable debugging { debug: true }
mongodb+srv://vibhanshi2023cse_db_user:techno123@cluster0.lpxk8fa.mongodb.net/society-app
◇ injected env (0) from .env // tip: ⌘ multiple files { path: ['.env.local', '.env'] }
⏰ GDPR Privacy Cleanup worker successfully registered.
server is running on port 3000
MONGODB IS UP
Socket connected: mF4TsT3gV2tK-hK0AAAB
Client connected: mF4TsT3gV2tK-hK0AAAB
Socket connected: ftLGPDsYZcNqLwO1AAAD
Client connected: ftLGPDsYZcNqLwO1AAAD
🧹 GDPR Privacy Cleanup: Successfully anonymized 0 logs older than 30 days.
◇ injected env (10) from .env // tip: ⌘ suppress logs { quiet: true }
mongodb+srv://vibhanshi2023cse_db_user:techno123@cluster0.lpxk8fa.mongodb.net/society-app
◇ injected env (0) from .env // tip: ⌘ enable debugging { debug: true }
⏰ GDPR Privacy Cleanup worker successfully registered.
server is running on port 3000
MONGODB IS UP
Socket connected: WuMqF8BagWbV81izAAAC
Client connected: WuMqF8BagWbV81izAAAC
Socket connected: 8SiD1J51MUKLgoWbAAAD
Client connected: 8SiD1J51MUKLgoWbAAAD
🧹 GDPR Privacy Cleanup: Successfully anonymized 0 logs older than 30 days.
Socket connected: 8qsCqP2mlKIKmCryAAAF
Client connected: 8qsCqP2mlKIKmCryAAAF
Client disconnected: 8SiD1J51MUKLgoWbAAAD
Client disconnected: WuMqF8BagWbV81izAAAC
◇ injected env (10) from .env // tip: ⌁ auth for agents [www.vestauth.com]
mongodb+srv://vibhanshi2023cse_db_user:techno123@cluster0.lpxk8fa.mongodb.net/society-app
◇ injected env (0) from .env // tip: ⌘ multiple files { path: ['.env.local', '.env'] }
⏰ GDPR Privacy Cleanup worker successfully registered.
server is running on port 3000
MONGODB IS UP
Socket connected: 9xZNQOsmex2uxedsAAAB
Client connected: 9xZNQOsmex2uxedsAAAB
🧹 GDPR Privacy Cleanup: Successfully anonymized 0 logs older than 30 days.
◇ injected env (10) from .env // tip: ⌘ multiple files { path: ['.env.local', '.env'] }
mongodb+srv://vibhanshi2023cse_db_user:techno123@cluster0.lpxk8fa.mongodb.net/society-app
◇ injected env (0) from .env // tip: ⌘ custom filepath { path: '/custom/path/.env' }
⏰ GDPR Privacy Cleanup worker successfully registered.
server is running on port 3000
MONGODB IS UP
Socket connected: YfhWxP8UxyfkNhgdAAAB
Client connected: YfhWxP8UxyfkNhgdAAAB
🧹 GDPR Privacy Cleanup: Successfully anonymized 0 logs older than 30 days.
◇ injected env (10) from .env // tip: ◈ encrypted .env [www.dotenvx.com]
mongodb+srv://vibhanshi2023cse_db_user:techno123@cluster0.lpxk8fa.mongodb.net/society-app
◇ injected env (0) from .env // tip: ⌘ override existing { override: true }
⏰ GDPR Privacy Cleanup worker successfully registered.
server is running on port 3000
MONGODB IS UP
Socket connected: xWM67rsN_svDGar3AAAB
Client connected: xWM67rsN_svDGar3AAAB
🧹 GDPR Privacy Cleanup: Successfully anonymized 0 logs older than 30 days.
◇ injected env (10) from .env // tip: ◈ secrets for agents [www.dotenvx.com]
mongodb+srv://vibhanshi2023cse_db_user:techno123@cluster0.lpxk8fa.mongodb.net/society-app
◇ injected env (0) from .env // tip: ⌘ suppress logs { quiet: true }
⏰ GDPR Privacy Cleanup worker successfully registered.
server is running on port 3000
MONGODB IS UP
Socket connected: HuzL2Griy-Z1-rniAAAB
Client connected: HuzL2Griy-Z1-rniAAAB
🧹 GDPR Privacy Cleanup: Successfully anonymized 0 logs older than 30 days.
◇ injected env (10) from .env // tip: ⌘ multiple files { path: ['.env.local', '.env'] }
mongodb+srv://vibhanshi2023cse_db_user:techno123@cluster0.lpxk8fa.mongodb.net/society-app
◇ injected env (0) from .env // tip: ⌘ custom filepath { path: '/custom/path/.env' }
⏰ GDPR Privacy Cleanup worker successfully registered.
server is running on port 3000
MONGODB IS UP
Socket connected: sTPLcYp7NBXqvy5gAAAB
Client connected: sTPLcYp7NBXqvy5gAAAB
🧹 GDPR Privacy Cleanup: Successfully anonymized 0 logs older than 30 days.
◇ injected env (10) from .env // tip: ⌘ override existing { override: true }
mongodb+srv://vibhanshi2023cse_db_user:techno123@cluster0.lpxk8fa.mongodb.net/society-app
◇ injected env (0) from .env // tip: ⌘ override existing { override: true }
⏰ GDPR Privacy Cleanup worker successfully registered.
server is running on port 3000
Socket connected: LiOzn91O9C3OQEC3AAAB
Client connected: LiOzn91O9C3OQEC3AAAB
MONGODB IS UP
🧹 GDPR Privacy Cleanup: Successfully anonymized 0 logs older than 30 days.
Socket connected: UZLLTDRjZxXRdcH5AAAD
Client connected: UZLLTDRjZxXRdcH5AAAD
Client disconnected: UZLLTDRjZxXRdcH5AAAD
Socket connected: P_mYSR2gbCQYJEjxAAAF
Client connected: P_mYSR2gbCQYJEjxAAAF
OTP generated for vibhanshi09@gmail.com: 761790
{
  csrftoken: 'oF0PA7PN8PomvOy4Q3dhjafrJOIA61pp',
  GWSID: '99598E2859C441469E94E17073E930E0',
  AWSALBTG: 'wQm394TvgTd2EP8MsrsntrYPEoq2HqXnSPp0sy0aOgK8a/Xg0gyLFY1emjIMHddWmJdpRM7faMU1yoU0/FlcefXY+iOcIsiDKEa11peTkJtOPVQ8C10PobyQI8CKMgKnoFCUtqDEv1Ep5rU1puNqUrwMz+vNQ48+mlyU7tenTDjlZW2fwvg='
}
◇ injected env (10) from .env // tip: ⌘ suppress logs { quiet: true }
mongodb+srv://vibhanshi2023cse_db_user:techno123@cluster0.lpxk8fa.mongodb.net/society-app
◇ injected env (0) from .env // tip: ⌘ custom filepath { path: '/custom/path/.env' }
⏰ GDPR Privacy Cleanup worker successfully registered.
server is running on port 3000
MONGODB IS UP
Socket connected: 7p6rl9z0uUvDRAhqAAAB
Client connected: 7p6rl9z0uUvDRAhqAAAB
Socket connected: uLObHyeKbBMQIilfAAAD
Client connected: uLObHyeKbBMQIilfAAAD
🧹 GDPR Privacy Cleanup: Successfully anonymized 0 logs older than 30 days.
◇ injected env (10) from .env // tip: ⌘ multiple files { path: ['.env.local', '.env'] }
mongodb+srv://vibhanshi2023cse_db_user:techno123@cluster0.lpxk8fa.mongodb.net/society-app
◇ injected env (0) from .env // tip: ⌘ multiple files { path: ['.env.local', '.env'] }
⏰ GDPR Privacy Cleanup worker successfully registered.
server is running on port 3000
Socket connected: 1iZNnjZgZUk9RmfWAAAC
Client connected: 1iZNnjZgZUk9RmfWAAAC
Socket connected: xmKJvV4nV3q2OGuoAAAD
Client connected: xmKJvV4nV3q2OGuoAAAD
MONGODB IS UP
🧹 GDPR Privacy Cleanup: Successfully anonymized 0 logs older than 30 days.
◇ injected env (10) from .env // tip: ⌁ auth for agents [www.vestauth.com]
mongodb+srv://vibhanshi2023cse_db_user:techno123@cluster0.lpxk8fa.mongodb.net/society-app
◇ injected env (0) from .env // tip: ◈ encrypted .env [www.dotenvx.com]
⏰ GDPR Privacy Cleanup worker successfully registered.
server is running on port 3000
Socket connected: iUjC-aNou4tdJbroAAAB
Client connected: iUjC-aNou4tdJbroAAAB
MONGODB IS UP
Socket connected: QozDnmRT8QNSKYUwAAAD
Client connected: QozDnmRT8QNSKYUwAAAD
🧹 GDPR Privacy Cleanup: Successfully anonymized 0 logs older than 30 days.
Client disconnected: iUjC-aNou4tdJbroAAAB
◇ injected env (10) from .env // tip: ⌁ auth for agents [www.vestauth.com]
mongodb+srv://vibhanshi2023cse_db_user:techno123@cluster0.lpxk8fa.mongodb.net/society-app
◇ injected env (0) from .env // tip: ⌘ suppress logs { quiet: true }
⏰ GDPR Privacy Cleanup worker successfully registered.
server is running on port 3000
Socket connected: CVhqdgrxDf4PeEE5AAAB
Client connected: CVhqdgrxDf4PeEE5AAAB
MONGODB IS UP
🧹 GDPR Privacy Cleanup: Successfully anonymized 0 logs older than 30 days.
◇ injected env (10) from .env // tip: ⌘ suppress logs { quiet: true }
mongodb+srv://vibhanshi2023cse_db_user:techno123@cluster0.lpxk8fa.mongodb.net/society-app
◇ injected env (0) from .env // tip: ◈ secrets for agents [www.dotenvx.com]
⏰ GDPR Privacy Cleanup worker successfully registered.
server is running on port 3000
MONGODB IS UP
Socket connected: Mf79zQ535QgwBQfLAAAB
Client connected: Mf79zQ535QgwBQfLAAAB
🧹 GDPR Privacy Cleanup: Successfully anonymized 0 logs older than 30 days.
Socket connected: a8DWlcINZpvDrrooAAAD
Client connected: a8DWlcINZpvDrrooAAAD
◇ injected env (10) from .env // tip: ⌘ multiple files { path: ['.env.local', '.env'] }
mongodb+srv://vibhanshi2023cse_db_user:techno123@cluster0.lpxk8fa.mongodb.net/society-app
◇ injected env (0) from .env // tip: ⌘ enable debugging { debug: true }
⏰ GDPR Privacy Cleanup worker successfully registered.
server is running on port 3000
Socket connected: wsSinQY3InFxM3-rAAAB
Client connected: wsSinQY3InFxM3-rAAAB
MONGODB IS UP
🧹 GDPR Privacy Cleanup: Successfully anonymized 0 logs older than 30 days.
◇ injected env (10) from .env // tip: ⌘ override existing { override: true }
mongodb+srv://vibhanshi2023cse_db_user:techno123@cluster0.lpxk8fa.mongodb.net/society-app
◇ injected env (0) from .env // tip: ⌘ enable debugging { debug: true }
⏰ GDPR Privacy Cleanup worker successfully registered.
server is running on port 3000
Socket connected: kK1Gm8-QHIhocmp6AAAB
Client connected: kK1Gm8-QHIhocmp6AAAB
MONGODB IS UP
🧹 GDPR Privacy Cleanup: Successfully anonymized 0 logs older than 30 days.
Socket connected: -Ejj45mUhVlCpnHoAAAD
Client connected: -Ejj45mUhVlCpnHoAAAD
◇ injected env (10) from .env // tip: ⌘ custom filepath { path: '/custom/path/.env' }
mongodb+srv://vibhanshi2023cse_db_user:techno123@cluster0.lpxk8fa.mongodb.net/society-app
◇ injected env (0) from .env // tip: ⌘ custom filepath { path: '/custom/path/.env' }
⏰ GDPR Privacy Cleanup worker successfully registered.
server is running on port 3000
Socket connected: E4cLPAMBuvObuX7pAAAB
Client connected: E4cLPAMBuvObuX7pAAAB
MONGODB IS UP
Socket connected: JxuqSYclGndvbzvHAAAD
Client connected: JxuqSYclGndvbzvHAAAD
🧹 GDPR Privacy Cleanup: Successfully anonymized 0 logs older than 30 days.
OTP generated for vibhanshi09@gmail.com: 469921
{
  AWSALBTG: '6CcpLKCE1Mz7uJF5H3oOqACwyv88pXV+8Ob1V+UconZ4cR6mv9mnUCVFeMtsnEilsXmcXceyGLkpmoBt9NCn2hENUI/Htbwpc8oYf4lyLVSRQguLCkzkKS4AtK27goDFvZ26/J6GtxJMWn0HXyO8pm0DzqGrZp6xPuxw+8xb3YK9LH/92Lo='
}
◇ injected env (10) from .env // tip: ⌘ multiple files { path: ['.env.local', '.env'] }
mongodb+srv://vibhanshi2023cse_db_user:techno123@cluster0.lpxk8fa.mongodb.net/society-app
◇ injected env (0) from .env // tip: ◈ encrypted .env [www.dotenvx.com]
⏰ GDPR Privacy Cleanup worker successfully registered.
server is running on port 3000
Socket connected: 4tsdtZcqRXzv2nAuAAAB
Client connected: 4tsdtZcqRXzv2nAuAAAB
MONGODB IS UP
Socket connected: 2FZrVqNjavGnq63aAAAD
Client connected: 2FZrVqNjavGnq63aAAAD
🧹 GDPR Privacy Cleanup: Successfully anonymized 0 logs older than 30 days.
Client disconnected: 2FZrVqNjavGnq63aAAAD
◇ injected env (10) from .env // tip: ⌘ custom filepath { path: '/custom/path/.env' }
mongodb+srv://vibhanshi2023cse_db_user:techno123@cluster0.lpxk8fa.mongodb.net/society-app
◇ injected env (0) from .env // tip: ⌘ custom filepath { path: '/custom/path/.env' }
⏰ GDPR Privacy Cleanup worker successfully registered.
server is running on port 3000
MONGODB IS UP
Socket connected: ddtXGTTsjYfuwvSAAAAB
Client connected: ddtXGTTsjYfuwvSAAAAB
🧹 GDPR Privacy Cleanup: Successfully anonymized 0 logs older than 30 days.
◇ injected env (10) from .env // tip: ⌘ suppress logs { quiet: true }
mongodb+srv://vibhanshi2023cse_db_user:techno123@cluster0.lpxk8fa.mongodb.net/society-app
◇ injected env (0) from .env // tip: ⌘ override existing { override: true }
⏰ GDPR Privacy Cleanup worker successfully registered.
server is running on port 3000
MONGODB IS UP
Socket connected: fKFzuRrGG1FH8tDwAAAB
Client connected: fKFzuRrGG1FH8tDwAAAB
🧹 GDPR Privacy Cleanup: Successfully anonymized 0 logs older than 30 days.
◇ injected env (10) from .env // tip: ⌘ override existing { override: true }
mongodb+srv://vibhanshi2023cse_db_user:techno123@cluster0.lpxk8fa.mongodb.net/society-app
◇ injected env (0) from .env // tip: ⌘ suppress logs { quiet: true }
⏰ GDPR Privacy Cleanup worker successfully registered.
server is running on port 3000
MONGODB IS UP
Socket connected: 2a1byrGGgz0yKluHAAAB
Client connected: 2a1byrGGgz0yKluHAAAB
🧹 GDPR Privacy Cleanup: Successfully anonymized 0 logs older than 30 days.
◇ injected env (10) from .env // tip: ◈ encrypted .env [www.dotenvx.com]
mongodb+srv://vibhanshi2023cse_db_user:techno123@cluster0.lpxk8fa.mongodb.net/society-app
◇ injected env (0) from .env // tip: ⌘ override existing { override: true }
⏰ GDPR Privacy Cleanup worker successfully registered.
server is running on port 3000
MONGODB IS UP
Socket connected: hDyo44VzDmB5CttZAAAB
Client connected: hDyo44VzDmB5CttZAAAB
🧹 GDPR Privacy Cleanup: Successfully anonymized 0 logs older than 30 days.
◇ injected env (10) from .env // tip: ◈ encrypted .env [www.dotenvx.com]
mongodb+srv://vibhanshi2023cse_db_user:techno123@cluster0.lpxk8fa.mongodb.net/society-app
◇ injected env (0) from .env // tip: ⌁ auth for agents [www.vestauth.com]
⏰ GDPR Privacy Cleanup worker successfully registered.
server is running on port 3000
Socket connected: ZKz6_sH_b-r82dWPAAAB
Client connected: ZKz6_sH_b-r82dWPAAAB
MONGODB IS UP
🧹 GDPR Privacy Cleanup: Successfully anonymized 0 logs older than 30 days.
◇ injected env (10) from .env // tip: ⌘ custom filepath { path: '/custom/path/.env' }
mongodb+srv://vibhanshi2023cse_db_user:techno123@cluster0.lpxk8fa.mongodb.net/society-app
◇ injected env (0) from .env // tip: ⌘ multiple files { path: ['.env.local', '.env'] }
⏰ GDPR Privacy Cleanup worker successfully registered.
server is running on port 3000
Socket connected: poXABPTTFbAN64lNAAAB
Client connected: poXABPTTFbAN64lNAAAB
MONGODB IS UP
🧹 GDPR Privacy Cleanup: Successfully anonymized 0 logs older than 30 days.
◇ injected env (10) from .env // tip: ⌘ override existing { override: true }
mongodb+srv://vibhanshi2023cse_db_user:techno123@cluster0.lpxk8fa.mongodb.net/society-app
◇ injected env (0) from .env // tip: ⌘ override existing { override: true }
⏰ GDPR Privacy Cleanup worker successfully registered.
server is running on port 3000
MONGODB IS UP
Socket connected: U-ARd_CSdSx9coYzAAAB
Client connected: U-ARd_CSdSx9coYzAAAB
🧹 GDPR Privacy Cleanup: Successfully anonymized 0 logs older than 30 days.
{
  AWSALBTG: 'kRF4XES1tLhlcukV2qD4rDvej7emconkxigCmjhiCCoRN6W70d35gJ/ypCxFZlrzRkbevtD6C2/2bmHk/ueGR2srGTvWkqMBKjkiNEjJfvuTs3NXS/WSdEkgO1Ncv4E63szOtvlQ0Hx64aVwH3bfrhkHsrUIDfah2h1dA7AJqXofejOExvA='
}
{
  AWSALBTG: 'aeMAClv+Z25lgMfQHwPHpkmuwo6hDVYivzKTbH+l17bMZkz6KRRuqcel8fn+jR1dYRUMAHvvExv34pFe4z4+iUTbmDGOTMQ4OMhNEn7aT1vBKek87FiK/LzDVpKOaEKFtVoILBUh/64F46Kg08e5ezFaT/BqWO5hKmQQ8VH8F4ZaUoPLX8E='
}
◇ injected env (10) from .env // tip: ⌘ enable debugging { debug: true }
mongodb+srv://vibhanshi2023cse_db_user:techno123@cluster0.lpxk8fa.mongodb.net/society-app
◇ injected env (0) from .env // tip: ⌁ auth for agents [www.vestauth.com]
⏰ GDPR Privacy Cleanup worker successfully registered.
server is running on port 3000
Socket connected: qODduIMjv6TEH1OZAAAB
Client connected: qODduIMjv6TEH1OZAAAB
MONGODB IS UP
🧹 GDPR Privacy Cleanup: Successfully anonymized 0 logs older than 30 days.
{
  AWSALBTG: 'OMpbrPOIoaYTrV0SsHHNCY5cRorb5VfdjeUg4MECMfMpW3eRzaplqsa6wO9e4qBltpdgggRC/g7PIW/S0jagDPpWAjOa3rRsMgl3TU+WQv0D1rTRe9OMwsQGP+AP2xK8KaSvrMqVjMZCq71YOiWY1Lt8TN+S7YsTGBx1vt6+/5ajaQUSgu0='
}
◇ injected env (10) from .env // tip: ◈ encrypted .env [www.dotenvx.com]
mongodb+srv://vibhanshi2023cse_db_user:techno123@cluster0.lpxk8fa.mongodb.net/society-app
◇ injected env (0) from .env // tip: ⌁ auth for agents [www.vestauth.com]
⏰ GDPR Privacy Cleanup worker successfully registered.
server is running on port 3000
Socket connected: 6hVDTjLLbw9TPqEUAAAB
Client connected: 6hVDTjLLbw9TPqEUAAAB
MONGODB IS UP
🧹 GDPR Privacy Cleanup: Successfully anonymized 0 logs older than 30 days.
Socket connected: zIKXXRnKOOp5PrFVAAAD
Client connected: zIKXXRnKOOp5PrFVAAAD
◇ injected env (10) from .env // tip: ⌘ suppress logs { quiet: true }
mongodb+srv://vibhanshi2023cse_db_user:techno123@cluster0.lpxk8fa.mongodb.net/society-app
◇ injected env (0) from .env // tip: ⌘ enable debugging { debug: true }
⏰ GDPR Privacy Cleanup worker successfully registered.
server is running on port 3000
Socket connected: q4iSPf29q4TmiQuLAAAB
Client connected: q4iSPf29q4TmiQuLAAAB
MONGODB IS UP
Socket connected: VfWSeOLNakAs_U-qAAAD
Client connected: VfWSeOLNakAs_U-qAAAD
🧹 GDPR Privacy Cleanup: Successfully anonymized 0 logs older than 30 days.
◇ injected env (10) from .env // tip: ⌁ auth for agents [www.vestauth.com]
mongodb+srv://vibhanshi2023cse_db_user:techno123@cluster0.lpxk8fa.mongodb.net/society-app
◇ injected env (0) from .env // tip: ⌁ auth for agents [www.vestauth.com]
⏰ GDPR Privacy Cleanup worker successfully registered.
server is running on port 3000
Socket connected: AOXCNrJaSIFok94iAAAB
Client connected: AOXCNrJaSIFok94iAAAB
MONGODB IS UP
Socket connected: Sd02jlJDUMW6e3scAAAD
Client connected: Sd02jlJDUMW6e3scAAAD
🧹 GDPR Privacy Cleanup: Successfully anonymized 0 logs older than 30 days.
Client disconnected: Sd02jlJDUMW6e3scAAAD
◇ injected env (10) from .env // tip: ⌘ multiple files { path: ['.env.local', '.env'] }
mongodb+srv://vibhanshi2023cse_db_user:techno123@cluster0.lpxk8fa.mongodb.net/society-app
◇ injected env (0) from .env // tip: ⌁ auth for agents [www.vestauth.com]
⏰ GDPR Privacy Cleanup worker successfully registered.
server is running on port 3000
MONGODB IS UP
Socket connected: fQkBi0JDIa9bWFi7AAAB
Client connected: fQkBi0JDIa9bWFi7AAAB
🧹 GDPR Privacy Cleanup: Successfully anonymized 0 logs older than 30 days.
◇ injected env (10) from .env // tip: ⌘ enable debugging { debug: true }
mongodb+srv://vibhanshi2023cse_db_user:techno123@cluster0.lpxk8fa.mongodb.net/society-app
◇ injected env (0) from .env // tip: ◈ encrypted .env [www.dotenvx.com]
⏰ GDPR Privacy Cleanup worker successfully registered.
server is running on port 3000
MONGODB IS UP
Socket connected: VlDVBTgQFZENkoibAAAB
Client connected: VlDVBTgQFZENkoibAAAB
🧹 GDPR Privacy Cleanup: Successfully anonymized 0 logs older than 30 days.
Client disconnected: VlDVBTgQFZENkoibAAAB
Socket connected: LN5ijo3TO6A6zC9dAAAD
Client connected: LN5ijo3TO6A6zC9dAAAD
{
  AWSALBTG: 'Zr5WqsnUYfMW2tQyZEhsr5Beoq2z40j7SnQbusqbu122oKoF3Vu10wVvNmJlTTv2P2Vf+w4AUP4lGvAOpfR/DjEsAB0O0+KHn//CUGWWHB3VAGZiCOl2roUmVQHJnSlLTviqAFFUi5QVh1G4P3lAGX6GBcsNbVEJG0NLxpyi2xmY77HORoA='
}
◇ injected env (10) from .env // tip: ⌘ suppress logs { quiet: true }
mongodb+srv://vibhanshi2023cse_db_user:techno123@cluster0.lpxk8fa.mongodb.net/society-app
◇ injected env (0) from .env // tip: ⌘ enable debugging { debug: true }
⏰ GDPR Privacy Cleanup worker successfully registered.
server is running on port 3000
Socket connected: NmtUbKYbiOUanQApAAAB
Client connected: NmtUbKYbiOUanQApAAAB
MONGODB IS UP
🧹 GDPR Privacy Cleanup: Successfully anonymized 0 logs older than 30 days.
◇ injected env (10) from .env // tip: ◈ encrypted .env [www.dotenvx.com]
mongodb+srv://vibhanshi2023cse_db_user:techno123@cluster0.lpxk8fa.mongodb.net/society-app
◇ injected env (0) from .env // tip: ⌘ override existing { override: true }
⏰ GDPR Privacy Cleanup worker successfully registered.
server is running on port 3000
MONGODB IS UP
Socket connected: B6xz82DVD32UsjLFAAAB
Client connected: B6xz82DVD32UsjLFAAAB
🧹 GDPR Privacy Cleanup: Successfully anonymized 0 logs older than 30 days.
◇ injected env (10) from .env // tip: ⌘ custom filepath { path: '/custom/path/.env' }
mongodb+srv://vibhanshi2023cse_db_user:techno123@cluster0.lpxk8fa.mongodb.net/society-app
◇ injected env (0) from .env // tip: ⌁ auth for agents [www.vestauth.com]
⏰ GDPR Privacy Cleanup worker successfully registered.
server is running on port 3000
MONGODB IS UP
Socket connected: Khu_ZsL7HtdF05woAAAB
Client connected: Khu_ZsL7HtdF05woAAAB
🧹 GDPR Privacy Cleanup: Successfully anonymized 0 logs older than 30 days.
Socket connected: mKzSIXWjABiegG8PAAAD
Client connected: mKzSIXWjABiegG8PAAAD
{
  AWSALBTG: 'flBJBCgUtFAO7H1Si9WYDafmXpVOAqchq3+FdRQEcS5n6PTtidQJBk48HemCK9zRlfrKCx/gEyFYrIlaOYWnOLm4azAyiSGxSg4R71h3eQeeR88JP3DA0nmlYxO1T1VRy0oZ23gPIVJl/4jmWPicAuQO8//Dxz65+6OiB4/6/Y1rM2tHbu8=',
  token: 'eyJhbGciOiJIUzI1NiIsInR5cCI6IkpXVCJ9.eyJpZCI6IjZhODQ5OTRmYzJiYjY0ZTM2OGYyYzE0MiIsInJvbGUiOiI2YTg0OTk0ZmMyYmI2NGUzNjhmMmMxNDEiLCJlbWFpbCI6InZpYmhhbnNoaTA5QGdtYWlsLmNvbSIsImlhdCI6MTc4NzExOTczMCwiZXhwIjoxNzg3NzI0NTMwfQ.77ZrssZ9whtAsjqygXbc6u7k596yS09mvP8urRjiccI'
}
Socket connected: h-BZWUnyiyiFA5x3AAAF
Client connected: h-BZWUnyiyiFA5x3AAAF
◇ injected env (10) from .env // tip: ◈ encrypted .env [www.dotenvx.com]
mongodb+srv://vibhanshi2023cse_db_user:techno123@cluster0.lpxk8fa.mongodb.net/society-app
◇ injected env (0) from .env // tip: ⌘ enable debugging { debug: true }
⏰ GDPR Privacy Cleanup worker successfully registered.
server is running on port 3000
Socket connected: 5VVovRvwSQ5YGKKyAAAD
Client connected: 5VVovRvwSQ5YGKKyAAAD
Socket connected: NgakEJ5wkY0P6ME3AAAE
Client connected: NgakEJ5wkY0P6ME3AAAE
Socket connected: TJpf_zEFc5qbnW4IAAAF
Client connected: TJpf_zEFc5qbnW4IAAAF
MONGODB IS UP
🧹 GDPR Privacy Cleanup: Successfully anonymized 0 logs older than 30 days.
◇ injected env (10) from .env // tip: ⌘ multiple files { path: ['.env.local', '.env'] }
mongodb+srv://vibhanshi2023cse_db_user:techno123@cluster0.lpxk8fa.mongodb.net/society-app
◇ injected env (0) from .env // tip: ⌘ multiple files { path: ['.env.local', '.env'] }
⏰ GDPR Privacy Cleanup worker successfully registered.
server is running on port 3000
Socket connected: 17mj0nJcZYBkodqjAAAC
Client connected: 17mj0nJcZYBkodqjAAAC
Socket connected: PLccg82181C0loWGAAAD
Client connected: PLccg82181C0loWGAAAD
Socket connected: J1lEt7jmk7601bLdAAAF
Client connected: J1lEt7jmk7601bLdAAAF
MONGODB IS UP
🧹 GDPR Privacy Cleanup: Successfully anonymized 0 logs older than 30 days.
◇ injected env (10) from .env // tip: ◈ encrypted .env [www.dotenvx.com]
mongodb+srv://vibhanshi2023cse_db_user:techno123@cluster0.lpxk8fa.mongodb.net/society-app
◇ injected env (0) from .env // tip: ◈ encrypted .env [www.dotenvx.com]
⏰ GDPR Privacy Cleanup worker successfully registered.
server is running on port 3000
MONGODB IS UP
Socket connected: t1UtBnojJMfgAd47AAAC
Client connected: t1UtBnojJMfgAd47AAAC
Socket connected: POVm_3iB9P3QfIs2AAAD
Client connected: POVm_3iB9P3QfIs2AAAD
Socket connected: -LmSnZV05ssBArH4AAAF
Client connected: -LmSnZV05ssBArH4AAAF
🧹 GDPR Privacy Cleanup: Successfully anonymized 0 logs older than 30 days.
Client disconnected: POVm_3iB9P3QfIs2AAAD
◇ injected env (10) from .env // tip: ⌁ auth for agents [www.vestauth.com]
mongodb+srv://vibhanshi2023cse_db_user:techno123@cluster0.lpxk8fa.mongodb.net/society-app
◇ injected env (0) from .env // tip: ⌘ multiple files { path: ['.env.local', '.env'] }
⏰ GDPR Privacy Cleanup worker successfully registered.
server is running on port 3000
MONGODB IS UP
Socket connected: CIOlM-N_Lj3SzeQKAAAC
Client connected: CIOlM-N_Lj3SzeQKAAAC
Socket connected: 5VI26mXfWP_n4N9bAAAD
Client connected: 5VI26mXfWP_n4N9bAAAD
🧹 GDPR Privacy Cleanup: Successfully anonymized 0 logs older than 30 days.
◇ injected env (10) from .env // tip: ⌘ custom filepath { path: '/custom/path/.env' }
mongodb+srv://vibhanshi2023cse_db_user:techno123@cluster0.lpxk8fa.mongodb.net/society-app
◇ injected env (0) from .env // tip: ⌘ multiple files { path: ['.env.local', '.env'] }
⏰ GDPR Privacy Cleanup worker successfully registered.
server is running on port 3000
Socket connected: 9CJN4ALGEq4i0eTLAAAB
Client connected: 9CJN4ALGEq4i0eTLAAAB
MONGODB IS UP
Socket connected: CEycstBb2rDujdkHAAAD
Client connected: CEycstBb2rDujdkHAAAD
🧹 GDPR Privacy Cleanup: Successfully anonymized 0 logs older than 30 days.
{
  AWSALBTG: 'C8MplZZG83vVQmwlbaJzuX1pmnZUfbQsU/jEP8kkC64RdU0tvPZoRt4wwhJaVtzkd8by2Ct9EqJbp6Cbj9N8njRAanvaZfrWTeVNHdr89S/g0vVkLG94N2jcUSOMhpM1bF2Yqw38qf7/WErbb2M6WUI00ZkcBPfeSW0SIL+cfgl4cWxY67A=',
  token: 'eyJhbGciOiJIUzI1NiIsInR5cCI6IkpXVCJ9.eyJpZCI6IjZhODQ5OTRmYzJiYjY0ZTM2OGYyYzE0MiIsInJvbGUiOiI2YTg0OTk0ZmMyYmI2NGUzNjhmMmMxNDEiLCJlbWFpbCI6InZpYmhhbnNoaTA5QGdtYWlsLmNvbSIsImlhdCI6MTc4NzEyMDAyMywiZXhwIjoxNzg3NzI0ODIzfQ.3TtKkEkkD4qaA1Ser82-eI1SkEkeIWRRBIOf8CF5fns'
}
◇ injected env (10) from .env // tip: ⌘ enable debugging { debug: true }
mongodb+srv://vibhanshi2023cse_db_user:techno123@cluster0.lpxk8fa.mongodb.net/society-app
◇ injected env (0) from .env // tip: ⌘ custom filepath { path: '/custom/path/.env' }
⏰ GDPR Privacy Cleanup worker successfully registered.
server is running on port 3000
Socket connected: HoMUy93CTlQlEEXSAAAB
Client connected: HoMUy93CTlQlEEXSAAAB
MONGODB IS UP
Socket connected: UiTghyx4JgYTNxP9AAAD
Client connected: UiTghyx4JgYTNxP9AAAD
🧹 GDPR Privacy Cleanup: Successfully anonymized 0 logs older than 30 days.
{
  AWSALBTG: 'SwMjIVDKK87guvGnfUs/SSveiYB8jM03WjHWpRERyYnhiYQPvCu7e0gvKOQzI3Setw0ORnyFR5eZrCzesdOzyT5eX2/p4F8pFZyZLJKgjQ6Amyebe5+Or/r1GVSQze4XcauPIVM9SR1ovAX9pFnJzQxW8CFwJLD+DGQRswIjAQ7pRCdVF7E='
}
Client disconnected: UiTghyx4JgYTNxP9AAAD
Socket connected: 4vvuECx_us7PV3CQAAAF
Client connected: 4vvuECx_us7PV3CQAAAF
◇ injected env (10) from .env // tip: ⌘ override existing { override: true }
mongodb+srv://vibhanshi2023cse_db_user:techno123@cluster0.lpxk8fa.mongodb.net/society-app
◇ injected env (0) from .env // tip: ⌘ custom filepath { path: '/custom/path/.env' }
⏰ GDPR Privacy Cleanup worker successfully registered.
server is running on port 3000
Socket connected: lgRNJUDhYI718MtEAAAB
Client connected: lgRNJUDhYI718MtEAAAB
Socket connected: drKHSCt4y9s04kM9AAAD
Client connected: drKHSCt4y9s04kM9AAAD
MONGODB IS UP
🧹 GDPR Privacy Cleanup: Successfully anonymized 0 logs older than 30 days.
◇ injected env (10) from .env // tip: ⌘ override existing { override: true }
mongodb+srv://vibhanshi2023cse_db_user:techno123@cluster0.lpxk8fa.mongodb.net/society-app
◇ injected env (0) from .env // tip: ⌘ suppress logs { quiet: true }
⏰ GDPR Privacy Cleanup worker successfully registered.
server is running on port 3000
Socket connected: hgTPpzNk13jiqlA5AAAB
Client connected: hgTPpzNk13jiqlA5AAAB
MONGODB IS UP
Socket connected: deC6Tspr4Kvb1PASAAAD
Client connected: deC6Tspr4Kvb1PASAAAD
🧹 GDPR Privacy Cleanup: Successfully anonymized 0 logs older than 30 days.
◇ injected env (10) from .env // tip: ◈ encrypted .env [www.dotenvx.com]
mongodb+srv://vibhanshi2023cse_db_user:techno123@cluster0.lpxk8fa.mongodb.net/society-app
◇ injected env (0) from .env // tip: ⌘ enable debugging { debug: true }
⏰ GDPR Privacy Cleanup worker successfully registered.
server is running on port 3000
Socket connected: oKYFnO9RR3LWlGdZAAAB
Client connected: oKYFnO9RR3LWlGdZAAAB
Socket connected: jXhPrNRtiaAWzOcHAAAD
Client connected: jXhPrNRtiaAWzOcHAAAD
MONGODB IS UP
🧹 GDPR Privacy Cleanup: Successfully anonymized 0 logs older than 30 days.
Client disconnected: jXhPrNRtiaAWzOcHAAAD
◇ injected env (10) from .env // tip: ⌘ suppress logs { quiet: true }
mongodb+srv://vibhanshi2023cse_db_user:techno123@cluster0.lpxk8fa.mongodb.net/society-app
◇ injected env (0) from .env // tip: ⌘ multiple files { path: ['.env.local', '.env'] }
⏰ GDPR Privacy Cleanup worker successfully registered.
server is running on port 3000
Socket connected: v5MBsIDazWa0AI1ZAAAB
Client connected: v5MBsIDazWa0AI1ZAAAB
MONGODB IS UP
🧹 GDPR Privacy Cleanup: Successfully anonymized 0 logs older than 30 days.
Socket connected: nEFqQ_VwytOCZgP4AAAD
Client connected: nEFqQ_VwytOCZgP4AAAD
◇ injected env (10) from .env // tip: ⌘ custom filepath { path: '/custom/path/.env' }
mongodb+srv://vibhanshi2023cse_db_user:techno123@cluster0.lpxk8fa.mongodb.net/society-app
◇ injected env (0) from .env // tip: ⌁ auth for agents [www.vestauth.com]
⏰ GDPR Privacy Cleanup worker successfully registered.
server is running on port 3000
Socket connected: 8hQJWoqPSZmGH-3fAAAB
Client connected: 8hQJWoqPSZmGH-3fAAAB
MONGODB IS UP
Socket connected: iUJ1tEehq43bFFw5AAAD
Client connected: iUJ1tEehq43bFFw5AAAD
🧹 GDPR Privacy Cleanup: Successfully anonymized 0 logs older than 30 days.
◇ injected env (10) from .env // tip: ⌘ enable debugging { debug: true }
mongodb+srv://vibhanshi2023cse_db_user:techno123@cluster0.lpxk8fa.mongodb.net/society-app
◇ injected env (0) from .env // tip: ◈ secrets for agents [www.dotenvx.com]
⏰ GDPR Privacy Cleanup worker successfully registered.
server is running on port 3000
Socket connected: 2Kcq3VxaUQd0YDABAAAB
Client connected: 2Kcq3VxaUQd0YDABAAAB
MONGODB IS UP
Socket connected: 1MBhurt9gsEam78KAAAD
Client connected: 1MBhurt9gsEam78KAAAD
🧹 GDPR Privacy Cleanup: Successfully anonymized 0 logs older than 30 days.
Client disconnected: 2Kcq3VxaUQd0YDABAAAB
◇ injected env (10) from .env // tip: ◈ encrypted .env [www.dotenvx.com]
mongodb+srv://vibhanshi2023cse_db_user:techno123@cluster0.lpxk8fa.mongodb.net/society-app
◇ injected env (0) from .env // tip: ⌘ multiple files { path: ['.env.local', '.env'] }
⏰ GDPR Privacy Cleanup worker successfully registered.
server is running on port 3000
Socket connected: 9vSFBX4scdYze3anAAAB
Client connected: 9vSFBX4scdYze3anAAAB
MONGODB IS UP
🧹 GDPR Privacy Cleanup: Successfully anonymized 0 logs older than 30 days.
Client disconnected: 9vSFBX4scdYze3anAAAB
◇ injected env (10) from .env // tip: ⌘ enable debugging { debug: true }
mongodb+srv://vibhanshi2023cse_db_user:techno123@cluster0.lpxk8fa.mongodb.net/society-app
◇ injected env (0) from .env // tip: ⌘ override existing { override: true }
⏰ GDPR Privacy Cleanup worker successfully registered.
server is running on port 3000
MONGODB IS UP
🧹 GDPR Privacy Cleanup: Successfully anonymized 0 logs older than 30 days.
◇ injected env (10) from .env // tip: ⌘ custom filepath { path: '/custom/path/.env' }
mongodb+srv://vibhanshi2023cse_db_user:techno123@cluster0.lpxk8fa.mongodb.net/society-app
◇ injected env (0) from .env // tip: ⌘ enable debugging { debug: true }
⏰ GDPR Privacy Cleanup worker successfully registered.
server is running on port 3000
MONGODB IS UP
🧹 GDPR Privacy Cleanup: Successfully anonymized 0 logs older than 30 days.
Socket connected: 8MrNWxuMe_2AbNf7AAAB
Client connected: 8MrNWxuMe_2AbNf7AAAB
◇ injected env (10) from .env // tip: ⌘ custom filepath { path: '/custom/path/.env' }
mongodb+srv://vibhanshi2023cse_db_user:techno123@cluster0.lpxk8fa.mongodb.net/society-app
◇ injected env (0) from .env // tip: ⌁ auth for agents [www.vestauth.com]
⏰ GDPR Privacy Cleanup worker successfully registered.
server is running on port 3000
MONGODB IS UP
Socket connected: bxG9dbydGV_sXykSAAAB
Client connected: bxG9dbydGV_sXykSAAAB
🧹 GDPR Privacy Cleanup: Successfully anonymized 0 logs older than 30 days.
◇ injected env (10) from .env // tip: ◈ secrets for agents [www.dotenvx.com]
mongodb+srv://vibhanshi2023cse_db_user:techno123@cluster0.lpxk8fa.mongodb.net/society-app
◇ injected env (0) from .env // tip: ⌘ custom filepath { path: '/custom/path/.env' }
⏰ GDPR Privacy Cleanup worker successfully registered.
server is running on port 3000
MONGODB IS UP
Socket connected: 7AlyNl21H_DaL6ZHAAAB
Client connected: 7AlyNl21H_DaL6ZHAAAB
🧹 GDPR Privacy Cleanup: Successfully anonymized 0 logs older than 30 days.
◇ injected env (10) from .env // tip: ⌘ suppress logs { quiet: true }
mongodb+srv://vibhanshi2023cse_db_user:techno123@cluster0.lpxk8fa.mongodb.net/society-app
◇ injected env (0) from .env // tip: ⌘ override existing { override: true }
⏰ GDPR Privacy Cleanup worker successfully registered.
server is running on port 3000
Socket connected: xDkivJl1apSr_4vZAAAB
Client connected: xDkivJl1apSr_4vZAAAB
MONGODB IS UP
🧹 GDPR Privacy Cleanup: Successfully anonymized 0 logs older than 30 days.
◇ injected env (10) from .env // tip: ⌘ enable debugging { debug: true }
mongodb+srv://vibhanshi2023cse_db_user:techno123@cluster0.lpxk8fa.mongodb.net/society-app
◇ injected env (0) from .env // tip: ⌘ custom filepath { path: '/custom/path/.env' }
⏰ GDPR Privacy Cleanup worker successfully registered.
server is running on port 3000
Socket connected: 4hUowJDYtF8ocjviAAAB
Client connected: 4hUowJDYtF8ocjviAAAB
MONGODB IS UP
🧹 GDPR Privacy Cleanup: Successfully anonymized 0 logs older than 30 days.
Client disconnected: 4hUowJDYtF8ocjviAAAB
◇ injected env (10) from .env // tip: ⌘ custom filepath { path: '/custom/path/.env' }
mongodb+srv://vibhanshi2023cse_db_user:techno123@cluster0.lpxk8fa.mongodb.net/society-app
◇ injected env (0) from .env // tip: ⌘ suppress logs { quiet: true }
⏰ GDPR Privacy Cleanup worker successfully registered.
server is running on port 3000
MONGODB IS UP
🧹 GDPR Privacy Cleanup: Successfully anonymized 0 logs older than 30 days.
◇ injected env (10) from .env // tip: ⌘ custom filepath { path: '/custom/path/.env' }
mongodb+srv://vibhanshi2023cse_db_user:techno123@cluster0.lpxk8fa.mongodb.net/society-app
◇ injected env (0) from .env // tip: ⌘ enable debugging { debug: true }
⏰ GDPR Privacy Cleanup worker successfully registered.
server is running on port 3000
MONGODB IS UP
🧹 GDPR Privacy Cleanup: Successfully anonymized 0 logs older than 30 days.
◇ injected env (10) from .env // tip: ⌘ multiple files { path: ['.env.local', '.env'] }
mongodb+srv://vibhanshi2023cse_db_user:techno123@cluster0.lpxk8fa.mongodb.net/society-app
◇ injected env (0) from .env // tip: ⌘ suppress logs { quiet: true }
⏰ GDPR Privacy Cleanup worker successfully registered.
server is running on port 3000
MONGODB IS UP
🧹 GDPR Privacy Cleanup: Successfully anonymized 0 logs older than 30 days.
◇ injected env (10) from .env // tip: ◈ encrypted .env [www.dotenvx.com]
mongodb+srv://vibhanshi2023cse_db_user:techno123@cluster0.lpxk8fa.mongodb.net/society-app
◇ injected env (0) from .env // tip: ◈ encrypted .env [www.dotenvx.com]
⏰ GDPR Privacy Cleanup worker successfully registered.
server is running on port 3000
MONGODB IS UP
🧹 GDPR Privacy Cleanup: Successfully anonymized 0 logs older than 30 days.
◇ injected env (10) from .env // tip: ⌘ enable debugging { debug: true }
mongodb+srv://vibhanshi2023cse_db_user:techno123@cluster0.lpxk8fa.mongodb.net/society-app
◇ injected env (0) from .env // tip: ⌁ auth for agents [www.vestauth.com]
⏰ GDPR Privacy Cleanup worker successfully registered.
server is running on port 3000
MONGODB IS UP
🧹 GDPR Privacy Cleanup: Successfully anonymized 0 logs older than 30 days.
◇ injected env (10) from .env // tip: ⌘ override existing { override: true }
mongodb+srv://vibhanshi2023cse_db_user:techno123@cluster0.lpxk8fa.mongodb.net/society-app
◇ injected env (0) from .env // tip: ⌘ multiple files { path: ['.env.local', '.env'] }
⏰ GDPR Privacy Cleanup worker successfully registered.
server is running on port 3000
MONGODB IS UP
🧹 GDPR Privacy Cleanup: Successfully anonymized 0 logs older than 30 days.
◇ injected env (10) from .env // tip: ◈ encrypted .env [www.dotenvx.com]
mongodb+srv://vibhanshi2023cse_db_user:techno123@cluster0.lpxk8fa.mongodb.net/society-app
◇ injected env (0) from .env // tip: ⌘ override existing { override: true }
⏰ GDPR Privacy Cleanup worker successfully registered.
server is running on port 3000
MONGODB IS UP
🧹 GDPR Privacy Cleanup: Successfully anonymized 0 logs older than 30 days.
◇ injected env (10) from .env // tip: ⌁ auth for agents [www.vestauth.com]
mongodb+srv://vibhanshi2023cse_db_user:techno123@cluster0.lpxk8fa.mongodb.net/society-app
◇ injected env (0) from .env // tip: ◈ secrets for agents [www.dotenvx.com]
⏰ GDPR Privacy Cleanup worker successfully registered.
server is running on port 3000
MONGODB IS UP
🧹 GDPR Privacy Cleanup: Successfully anonymized 0 logs older than 30 days.
◇ injected env (10) from .env // tip: ⌘ multiple files { path: ['.env.local', '.env'] }
mongodb+srv://vibhanshi2023cse_db_user:techno123@cluster0.lpxk8fa.mongodb.net/society-app
◇ injected env (0) from .env // tip: ⌘ override existing { override: true }
⏰ GDPR Privacy Cleanup worker successfully registered.
server is running on port 3000
MONGODB IS UP
🧹 GDPR Privacy Cleanup: Successfully anonymized 0 logs older than 30 days.
◇ injected env (10) from .env // tip: ⌘ override existing { override: true }
mongodb+srv://vibhanshi2023cse_db_user:techno123@cluster0.lpxk8fa.mongodb.net/society-app
◇ injected env (0) from .env // tip: ◈ secrets for agents [www.dotenvx.com]
⏰ GDPR Privacy Cleanup worker successfully registered.
server is running on port 3000
MONGODB IS UP
🧹 GDPR Privacy Cleanup: Successfully anonymized 0 logs older than 30 days.
◇ injected env (10) from .env // tip: ⌘ multiple files { path: ['.env.local', '.env'] }
mongodb+srv://vibhanshi2023cse_db_user:techno123@cluster0.lpxk8fa.mongodb.net/society-app
◇ injected env (0) from .env // tip: ◈ secrets for agents [www.dotenvx.com]
⏰ GDPR Privacy Cleanup worker successfully registered.
server is running on port 3000
MONGODB IS UP
🧹 GDPR Privacy Cleanup: Successfully anonymized 0 logs older than 30 days.
◇ injected env (10) from .env // tip: ⌘ suppress logs { quiet: true }
mongodb+srv://vibhanshi2023cse_db_user:techno123@cluster0.lpxk8fa.mongodb.net/society-app
◇ injected env (0) from .env // tip: ⌘ override existing { override: true }
⏰ GDPR Privacy Cleanup worker successfully registered.
server is running on port 3000
MONGODB IS UP
🧹 GDPR Privacy Cleanup: Successfully anonymized 0 logs older than 30 days.
◇ injected env (10) from .env // tip: ⌘ custom filepath { path: '/custom/path/.env' }
mongodb+srv://vibhanshi2023cse_db_user:techno123@cluster0.lpxk8fa.mongodb.net/society-app
◇ injected env (0) from .env // tip: ◈ encrypted .env [www.dotenvx.com]
⏰ GDPR Privacy Cleanup worker successfully registered.
server is running on port 3000
MONGODB IS UP
🧹 GDPR Privacy Cleanup: Successfully anonymized 0 logs older than 30 days.
◇ injected env (10) from .env // tip: ⌁ auth for agents [www.vestauth.com]
mongodb+srv://vibhanshi2023cse_db_user:techno123@cluster0.lpxk8fa.mongodb.net/society-app
◇ injected env (0) from .env // tip: ⌘ multiple files { path: ['.env.local', '.env'] }
⏰ GDPR Privacy Cleanup worker successfully registered.
server is running on port 3000
MONGODB IS UP
🧹 GDPR Privacy Cleanup: Successfully anonymized 0 logs older than 30 days.
◇ injected env (10) from .env // tip: ◈ encrypted .env [www.dotenvx.com]
mongodb+srv://vibhanshi2023cse_db_user:techno123@cluster0.lpxk8fa.mongodb.net/society-app
◇ injected env (0) from .env // tip: ⌘ suppress logs { quiet: true }
⏰ GDPR Privacy Cleanup worker successfully registered.
server is running on port 3000
MONGODB IS UP
🧹 GDPR Privacy Cleanup: Successfully anonymized 0 logs older than 30 days.
◇ injected env (10) from .env // tip: ⌁ auth for agents [www.vestauth.com]
mongodb+srv://vibhanshi2023cse_db_user:techno123@cluster0.lpxk8fa.mongodb.net/society-app
◇ injected env (0) from .env // tip: ⌘ multiple files { path: ['.env.local', '.env'] }
⏰ GDPR Privacy Cleanup worker successfully registered.
server is running on port 3000
MONGODB IS UP
🧹 GDPR Privacy Cleanup: Successfully anonymized 0 logs older than 30 days.
◇ injected env (10) from .env // tip: ⌘ override existing { override: true }
mongodb+srv://vibhanshi2023cse_db_user:techno123@cluster0.lpxk8fa.mongodb.net/society-app
◇ injected env (0) from .env // tip: ⌘ suppress logs { quiet: true }
⏰ GDPR Privacy Cleanup worker successfully registered.
server is running on port 3000
MONGODB IS UP
🧹 GDPR Privacy Cleanup: Successfully anonymized 0 logs older than 30 days.
◇ injected env (10) from .env // tip: ⌘ custom filepath { path: '/custom/path/.env' }
mongodb+srv://vibhanshi2023cse_db_user:techno123@cluster0.lpxk8fa.mongodb.net/society-app
◇ injected env (0) from .env // tip: ⌘ enable debugging { debug: true }
⏰ GDPR Privacy Cleanup worker successfully registered.
server is running on port 3000
MONGODB IS UP
🧹 GDPR Privacy Cleanup: Successfully anonymized 0 logs older than 30 days.
◇ injected env (10) from .env // tip: ⌘ enable debugging { debug: true }
mongodb+srv://vibhanshi2023cse_db_user:techno123@cluster0.lpxk8fa.mongodb.net/society-app
◇ injected env (0) from .env // tip: ◈ secrets for agents [www.dotenvx.com]
⏰ GDPR Privacy Cleanup worker successfully registered.
server is running on port 3000
MONGODB IS UP
🧹 GDPR Privacy Cleanup: Successfully anonymized 0 logs older than 30 days.
◇ injected env (10) from .env // tip: ⌁ auth for agents [www.vestauth.com]
mongodb+srv://vibhanshi2023cse_db_user:techno123@cluster0.lpxk8fa.mongodb.net/society-app
◇ injected env (0) from .env // tip: ⌘ enable debugging { debug: true }
⏰ GDPR Privacy Cleanup worker successfully registered.
server is running on port 3000
MONGODB IS UP
🧹 GDPR Privacy Cleanup: Successfully anonymized 0 logs older than 30 days.
◇ injected env (10) from .env // tip: ⌘ suppress logs { quiet: true }
mongodb+srv://vibhanshi2023cse_db_user:techno123@cluster0.lpxk8fa.mongodb.net/society-app
◇ injected env (0) from .env // tip: ⌘ override existing { override: true }
⏰ GDPR Privacy Cleanup worker successfully registered.
server is running on port 3000
MONGODB IS UP
🧹 GDPR Privacy Cleanup: Successfully anonymized 0 logs older than 30 days.
◇ injected env (10) from .env // tip: ⌘ suppress logs { quiet: true }
mongodb+srv://vibhanshi2023cse_db_user:techno123@cluster0.lpxk8fa.mongodb.net/society-app
◇ injected env (0) from .env // tip: ⌁ auth for agents [www.vestauth.com]
⏰ GDPR Privacy Cleanup worker successfully registered.
server is running on port 3000
MONGODB IS UP
🧹 GDPR Privacy Cleanup: Successfully anonymized 0 logs older than 30 days.
◇ injected env (10) from .env // tip: ⌘ suppress logs { quiet: true }
mongodb+srv://vibhanshi2023cse_db_user:techno123@cluster0.lpxk8fa.mongodb.net/society-app
◇ injected env (0) from .env // tip: ⌘ override existing { override: true }
⏰ GDPR Privacy Cleanup worker successfully registered.
server is running on port 3000
MONGODB IS UP
🧹 GDPR Privacy Cleanup: Successfully anonymized 0 logs older than 30 days.
◇ injected env (10) from .env // tip: ◈ secrets for agents [www.dotenvx.com]
mongodb+srv://vibhanshi2023cse_db_user:techno123@cluster0.lpxk8fa.mongodb.net/society-app
◇ injected env (0) from .env // tip: ⌘ suppress logs { quiet: true }
⏰ GDPR Privacy Cleanup worker successfully registered.
server is running on port 3000
MONGODB IS UP
🧹 GDPR Privacy Cleanup: Successfully anonymized 0 logs older than 30 days.
◇ injected env (10) from .env // tip: ◈ secrets for agents [www.dotenvx.com]
mongodb+srv://vibhanshi2023cse_db_user:techno123@cluster0.lpxk8fa.mongodb.net/society-app
◇ injected env (0) from .env // tip: ⌘ suppress logs { quiet: true }
⏰ GDPR Privacy Cleanup worker successfully registered.
server is running on port 3000
MONGODB IS UP
🧹 GDPR Privacy Cleanup: Successfully anonymized 0 logs older than 30 days.
◇ injected env (10) from .env // tip: ⌘ suppress logs { quiet: true }
mongodb+srv://vibhanshi2023cse_db_user:techno123@cluster0.lpxk8fa.mongodb.net/society-app
◇ injected env (0) from .env // tip: ⌘ custom filepath { path: '/custom/path/.env' }
⏰ GDPR Privacy Cleanup worker successfully registered.
server is running on port 3000
MONGODB IS UP
🧹 GDPR Privacy Cleanup: Successfully anonymized 0 logs older than 30 days.
◇ injected env (10) from .env // tip: ⌘ override existing { override: true }
mongodb+srv://vibhanshi2023cse_db_user:techno123@cluster0.lpxk8fa.mongodb.net/society-app
◇ injected env (0) from .env // tip: ⌘ multiple files { path: ['.env.local', '.env'] }
⏰ GDPR Privacy Cleanup worker successfully registered.
server is running on port 3000
MONGODB IS UP
🧹 GDPR Privacy Cleanup: Successfully anonymized 0 logs older than 30 days.
◇ injected env (10) from .env // tip: ⌁ auth for agents [www.vestauth.com]
mongodb+srv://vibhanshi2023cse_db_user:techno123@cluster0.lpxk8fa.mongodb.net/society-app
◇ injected env (0) from .env // tip: ◈ secrets for agents [www.dotenvx.com]
⏰ GDPR Privacy Cleanup worker successfully registered.
server is running on port 3000
MONGODB IS UP
🧹 GDPR Privacy Cleanup: Successfully anonymized 0 logs older than 30 days.
◇ injected env (10) from .env // tip: ⌘ override existing { override: true }
mongodb+srv://vibhanshi2023cse_db_user:techno123@cluster0.lpxk8fa.mongodb.net/society-app
◇ injected env (0) from .env // tip: ⌘ enable debugging { debug: true }
⏰ GDPR Privacy Cleanup worker successfully registered.
server is running on port 3000
MONGODB IS UP
🧹 GDPR Privacy Cleanup: Successfully anonymized 0 logs older than 30 days.
◇ injected env (10) from .env // tip: ⌘ suppress logs { quiet: true }
mongodb+srv://vibhanshi2023cse_db_user:techno123@cluster0.lpxk8fa.mongodb.net/society-app
◇ injected env (0) from .env // tip: ⌘ custom filepath { path: '/custom/path/.env' }
⏰ GDPR Privacy Cleanup worker successfully registered.
server is running on port 3000
MONGODB IS UP
🧹 GDPR Privacy Cleanup: Successfully anonymized 0 logs older than 30 days.
◇ injected env (10) from .env // tip: ⌘ custom filepath { path: '/custom/path/.env' }
mongodb+srv://vibhanshi2023cse_db_user:techno123@cluster0.lpxk8fa.mongodb.net/society-app
◇ injected env (0) from .env // tip: ◈ secrets for agents [www.dotenvx.com]
⏰ GDPR Privacy Cleanup worker successfully registered.
server is running on port 3000
MONGODB IS UP
🧹 GDPR Privacy Cleanup: Successfully anonymized 0 logs older than 30 days.
◇ injected env (10) from .env // tip: ⌘ multiple files { path: ['.env.local', '.env'] }
mongodb+srv://vibhanshi2023cse_db_user:techno123@cluster0.lpxk8fa.mongodb.net/society-app
◇ injected env (0) from .env // tip: ◈ encrypted .env [www.dotenvx.com]
⏰ GDPR Privacy Cleanup worker successfully registered.
server is running on port 3000
MONGODB IS UP
🧹 GDPR Privacy Cleanup: Successfully anonymized 0 logs older than 30 days.
◇ injected env (10) from .env // tip: ⌘ suppress logs { quiet: true }
mongodb+srv://vibhanshi2023cse_db_user:techno123@cluster0.lpxk8fa.mongodb.net/society-app
◇ injected env (0) from .env // tip: ⌘ enable debugging { debug: true }
⏰ GDPR Privacy Cleanup worker successfully registered.
server is running on port 3000
MONGODB IS UP
🧹 GDPR Privacy Cleanup: Successfully anonymized 0 logs older than 30 days.
◇ injected env (10) from .env // tip: ◈ secrets for agents [www.dotenvx.com]
mongodb+srv://vibhanshi2023cse_db_user:techno123@cluster0.lpxk8fa.mongodb.net/society-app
◇ injected env (0) from .env // tip: ◈ secrets for agents [www.dotenvx.com]
⏰ GDPR Privacy Cleanup worker successfully registered.
server is running on port 3000
MONGODB IS UP
🧹 GDPR Privacy Cleanup: Successfully anonymized 0 logs older than 30 days.
◇ injected env (10) from .env // tip: ◈ encrypted .env [www.dotenvx.com]
mongodb+srv://vibhanshi2023cse_db_user:techno123@cluster0.lpxk8fa.mongodb.net/society-app
◇ injected env (0) from .env // tip: ⌁ auth for agents [www.vestauth.com]
⏰ GDPR Privacy Cleanup worker successfully registered.
server is running on port 3000
MONGODB IS UP
🧹 GDPR Privacy Cleanup: Successfully anonymized 0 logs older than 30 days.
◇ injected env (10) from .env // tip: ⌘ multiple files { path: ['.env.local', '.env'] }
mongodb+srv://vibhanshi2023cse_db_user:techno123@cluster0.lpxk8fa.mongodb.net/society-app
◇ injected env (0) from .env // tip: ⌘ override existing { override: true }
⏰ GDPR Privacy Cleanup worker successfully registered.
server is running on port 3000
MONGODB IS UP
🧹 GDPR Privacy Cleanup: Successfully anonymized 0 logs older than 30 days.
◇ injected env (10) from .env // tip: ◈ secrets for agents [www.dotenvx.com]
mongodb+srv://vibhanshi2023cse_db_user:techno123@cluster0.lpxk8fa.mongodb.net/society-app
◇ injected env (0) from .env // tip: ⌁ auth for agents [www.vestauth.com]
⏰ GDPR Privacy Cleanup worker successfully registered.
server is running on port 3000
MONGODB IS UP
🧹 GDPR Privacy Cleanup: Successfully anonymized 0 logs older than 30 days.
◇ injected env (10) from .env // tip: ⌘ enable debugging { debug: true }
mongodb+srv://vibhanshi2023cse_db_user:techno123@cluster0.lpxk8fa.mongodb.net/society-app
◇ injected env (0) from .env // tip: ⌘ enable debugging { debug: true }
⏰ GDPR Privacy Cleanup worker successfully registered.
server is running on port 3000
MONGODB IS UP
🧹 GDPR Privacy Cleanup: Successfully anonymized 0 logs older than 30 days.
◇ injected env (10) from .env // tip: ⌘ enable debugging { debug: true }
mongodb+srv://vibhanshi2023cse_db_user:techno123@cluster0.lpxk8fa.mongodb.net/society-app
◇ injected env (0) from .env // tip: ⌘ custom filepath { path: '/custom/path/.env' }
⏰ GDPR Privacy Cleanup worker successfully registered.
server is running on port 3000
MONGODB IS UP
🧹 GDPR Privacy Cleanup: Successfully anonymized 0 logs older than 30 days.
◇ injected env (10) from .env // tip: ⌁ auth for agents [www.vestauth.com]
mongodb+srv://vibhanshi2023cse_db_user:techno123@cluster0.lpxk8fa.mongodb.net/society-app
◇ injected env (0) from .env // tip: ⌁ auth for agents [www.vestauth.com]
⏰ GDPR Privacy Cleanup worker successfully registered.
server is running on port 3000
MONGODB IS UP
🧹 GDPR Privacy Cleanup: Successfully anonymized 0 logs older than 30 days.
◇ injected env (10) from .env // tip: ⌘ enable debugging { debug: true }
mongodb+srv://vibhanshi2023cse_db_user:techno123@cluster0.lpxk8fa.mongodb.net/society-app
◇ injected env (0) from .env // tip: ⌘ multiple files { path: ['.env.local', '.env'] }
⏰ GDPR Privacy Cleanup worker successfully registered.
server is running on port 3000
MONGODB IS UP
🧹 GDPR Privacy Cleanup: Successfully anonymized 0 logs older than 30 days.
◇ injected env (10) from .env // tip: ⌘ multiple files { path: ['.env.local', '.env'] }
mongodb+srv://vibhanshi2023cse_db_user:techno123@cluster0.lpxk8fa.mongodb.net/society-app
◇ injected env (0) from .env // tip: ⌘ enable debugging { debug: true }
⏰ GDPR Privacy Cleanup worker successfully registered.
server is running on port 3000
MONGODB IS UP
🧹 GDPR Privacy Cleanup: Successfully anonymized 0 logs older than 30 days.
◇ injected env (10) from .env // tip: ⌘ override existing { override: true }
mongodb+srv://vibhanshi2023cse_db_user:techno123@cluster0.lpxk8fa.mongodb.net/society-app
◇ injected env (0) from .env // tip: ⌘ override existing { override: true }
⏰ GDPR Privacy Cleanup worker successfully registered.
server is running on port 3000
MONGODB IS UP
🧹 GDPR Privacy Cleanup: Successfully anonymized 0 logs older than 30 days.
◇ injected env (10) from .env // tip: ⌘ multiple files { path: ['.env.local', '.env'] }
mongodb+srv://vibhanshi2023cse_db_user:techno123@cluster0.lpxk8fa.mongodb.net/society-app
◇ injected env (0) from .env // tip: ◈ encrypted .env [www.dotenvx.com]
⏰ GDPR Privacy Cleanup worker successfully registered.
server is running on port 3000
MONGODB IS UP
🧹 GDPR Privacy Cleanup: Successfully anonymized 0 logs older than 30 days.
◇ injected env (10) from .env // tip: ⌁ auth for agents [www.vestauth.com]
mongodb+srv://vibhanshi2023cse_db_user:techno123@cluster0.lpxk8fa.mongodb.net/society-app
◇ injected env (0) from .env // tip: ⌘ custom filepath { path: '/custom/path/.env' }
⏰ GDPR Privacy Cleanup worker successfully registered.
server is running on port 3000
MONGODB IS UP
🧹 GDPR Privacy Cleanup: Successfully anonymized 0 logs older than 30 days.
◇ injected env (10) from .env // tip: ⌘ override existing { override: true }
mongodb+srv://vibhanshi2023cse_db_user:techno123@cluster0.lpxk8fa.mongodb.net/society-app
◇ injected env (0) from .env // tip: ◈ encrypted .env [www.dotenvx.com]
⏰ GDPR Privacy Cleanup worker successfully registered.
server is running on port 3000
MONGODB IS UP
🧹 GDPR Privacy Cleanup: Successfully anonymized 0 logs older than 30 days.
◇ injected env (10) from .env // tip: ⌘ multiple files { path: ['.env.local', '.env'] }
mongodb+srv://vibhanshi2023cse_db_user:techno123@cluster0.lpxk8fa.mongodb.net/society-app
◇ injected env (0) from .env // tip: ⌘ suppress logs { quiet: true }
⏰ GDPR Privacy Cleanup worker successfully registered.
server is running on port 3000
MONGODB IS UP
🧹 GDPR Privacy Cleanup: Successfully anonymized 0 logs older than 30 days.
◇ injected env (10) from .env // tip: ◈ encrypted .env [www.dotenvx.com]
mongodb+srv://vibhanshi2023cse_db_user:techno123@cluster0.lpxk8fa.mongodb.net/society-app
◇ injected env (0) from .env // tip: ◈ secrets for agents [www.dotenvx.com]
⏰ GDPR Privacy Cleanup worker successfully registered.
server is running on port 3000
MONGODB IS UP
🧹 GDPR Privacy Cleanup: Successfully anonymized 0 logs older than 30 days.
◇ injected env (10) from .env // tip: ⌘ suppress logs { quiet: true }
mongodb+srv://vibhanshi2023cse_db_user:techno123@cluster0.lpxk8fa.mongodb.net/society-app
◇ injected env (0) from .env // tip: ⌘ override existing { override: true }
⏰ GDPR Privacy Cleanup worker successfully registered.
server is running on port 3000
MONGODB IS UP
🧹 GDPR Privacy Cleanup: Successfully anonymized 0 logs older than 30 days.
◇ injected env (10) from .env // tip: ⌘ suppress logs { quiet: true }
mongodb+srv://vibhanshi2023cse_db_user:techno123@cluster0.lpxk8fa.mongodb.net/society-app
◇ injected env (0) from .env // tip: ⌘ multiple files { path: ['.env.local', '.env'] }
⏰ GDPR Privacy Cleanup worker successfully registered.
server is running on port 3000
MONGODB IS UP
🧹 GDPR Privacy Cleanup: Successfully anonymized 0 logs older than 30 days.
◇ injected env (10) from .env // tip: ⌁ auth for agents [www.vestauth.com]
mongodb+srv://vibhanshi2023cse_db_user:techno123@cluster0.lpxk8fa.mongodb.net/society-app
◇ injected env (0) from .env // tip: ⌘ custom filepath { path: '/custom/path/.env' }
⏰ GDPR Privacy Cleanup worker successfully registered.
server is running on port 3000
MONGODB IS UP
🧹 GDPR Privacy Cleanup: Successfully anonymized 0 logs older than 30 days.
◇ injected env (10) from .env // tip: ⌁ auth for agents [www.vestauth.com]
mongodb+srv://vibhanshi2023cse_db_user:techno123@cluster0.lpxk8fa.mongodb.net/society-app
◇ injected env (0) from .env // tip: ◈ encrypted .env [www.dotenvx.com]
⏰ GDPR Privacy Cleanup worker successfully registered.
server is running on port 3000
MONGODB IS UP
🧹 GDPR Privacy Cleanup: Successfully anonymized 0 logs older than 30 days.
◇ injected env (10) from .env // tip: ◈ encrypted .env [www.dotenvx.com]
mongodb+srv://vibhanshi2023cse_db_user:techno123@cluster0.lpxk8fa.mongodb.net/society-app
◇ injected env (0) from .env // tip: ⌘ override existing { override: true }
⏰ GDPR Privacy Cleanup worker successfully registered.
server is running on port 3000
MONGODB IS UP
🧹 GDPR Privacy Cleanup: Successfully anonymized 0 logs older than 30 days.
◇ injected env (10) from .env // tip: ⌘ override existing { override: true }
mongodb+srv://vibhanshi2023cse_db_user:techno123@cluster0.lpxk8fa.mongodb.net/society-app
◇ injected env (0) from .env // tip: ⌘ multiple files { path: ['.env.local', '.env'] }
⏰ GDPR Privacy Cleanup worker successfully registered.
server is running on port 3000
MONGODB IS UP
🧹 GDPR Privacy Cleanup: Successfully anonymized 0 logs older than 30 days.
◇ injected env (10) from .env // tip: ◈ encrypted .env [www.dotenvx.com]
mongodb+srv://vibhanshi2023cse_db_user:techno123@cluster0.lpxk8fa.mongodb.net/society-app
◇ injected env (0) from .env // tip: ⌘ multiple files { path: ['.env.local', '.env'] }
⏰ GDPR Privacy Cleanup worker successfully registered.
server is running on port 3000
MONGODB IS UP
🧹 GDPR Privacy Cleanup: Successfully anonymized 0 logs older than 30 days.
◇ injected env (10) from .env // tip: ⌁ auth for agents [www.vestauth.com]
mongodb+srv://vibhanshi2023cse_db_user:techno123@cluster0.lpxk8fa.mongodb.net/society-app
◇ injected env (0) from .env // tip: ⌘ enable debugging { debug: true }
⏰ GDPR Privacy Cleanup worker successfully registered.
server is running on port 3000
MONGODB IS UP
🧹 GDPR Privacy Cleanup: Successfully anonymized 0 logs older than 30 days.
◇ injected env (10) from .env // tip: ⌘ multiple files { path: ['.env.local', '.env'] }
mongodb+srv://vibhanshi2023cse_db_user:techno123@cluster0.lpxk8fa.mongodb.net/society-app
◇ injected env (0) from .env // tip: ⌘ multiple files { path: ['.env.local', '.env'] }
⏰ GDPR Privacy Cleanup worker successfully registered.
server is running on port 3000
MONGODB IS UP
🧹 GDPR Privacy Cleanup: Successfully anonymized 0 logs older than 30 days.
◇ injected env (10) from .env // tip: ⌘ override existing { override: true }
mongodb+srv://vibhanshi2023cse_db_user:techno123@cluster0.lpxk8fa.mongodb.net/society-app
◇ injected env (0) from .env // tip: ⌘ custom filepath { path: '/custom/path/.env' }
⏰ GDPR Privacy Cleanup worker successfully registered.
server is running on port 3000
MONGODB IS UP
🧹 GDPR Privacy Cleanup: Successfully anonymized 0 logs older than 30 days.
◇ injected env (10) from .env // tip: ⌘ multiple files { path: ['.env.local', '.env'] }
mongodb+srv://vibhanshi2023cse_db_user:techno123@cluster0.lpxk8fa.mongodb.net/society-app
◇ injected env (0) from .env // tip: ⌘ enable debugging { debug: true }
⏰ GDPR Privacy Cleanup worker successfully registered.
server is running on port 3000
MONGODB IS UP
🧹 GDPR Privacy Cleanup: Successfully anonymized 0 logs older than 30 days.
◇ injected env (10) from .env // tip: ⌘ override existing { override: true }
mongodb+srv://vibhanshi2023cse_db_user:techno123@cluster0.lpxk8fa.mongodb.net/society-app
◇ injected env (0) from .env // tip: ⌘ multiple files { path: ['.env.local', '.env'] }
⏰ GDPR Privacy Cleanup worker successfully registered.
server is running on port 3000
MONGODB IS UP
🧹 GDPR Privacy Cleanup: Successfully anonymized 0 logs older than 30 days.
◇ injected env (10) from .env // tip: ⌘ multiple files { path: ['.env.local', '.env'] }
mongodb+srv://vibhanshi2023cse_db_user:techno123@cluster0.lpxk8fa.mongodb.net/society-app
◇ injected env (0) from .env // tip: ⌘ custom filepath { path: '/custom/path/.env' }
⏰ GDPR Privacy Cleanup worker successfully registered.
server is running on port 3000
MONGODB IS UP
🧹 GDPR Privacy Cleanup: Successfully anonymized 0 logs older than 30 days.
◇ injected env (10) from .env // tip: ⌘ enable debugging { debug: true }
mongodb+srv://vibhanshi2023cse_db_user:techno123@cluster0.lpxk8fa.mongodb.net/society-app
◇ injected env (0) from .env // tip: ⌘ custom filepath { path: '/custom/path/.env' }
⏰ GDPR Privacy Cleanup worker successfully registered.
server is running on port 3000
MONGODB IS UP
🧹 GDPR Privacy Cleanup: Successfully anonymized 0 logs older than 30 days.
◇ injected env (10) from .env // tip: ⌘ custom filepath { path: '/custom/path/.env' }
mongodb+srv://vibhanshi2023cse_db_user:techno123@cluster0.lpxk8fa.mongodb.net/society-app
◇ injected env (0) from .env // tip: ⌘ multiple files { path: ['.env.local', '.env'] }
⏰ GDPR Privacy Cleanup worker successfully registered.
server is running on port 3000
MONGODB IS UP
🧹 GDPR Privacy Cleanup: Successfully anonymized 0 logs older than 30 days.
◇ injected env (10) from .env // tip: ⌘ multiple files { path: ['.env.local', '.env'] }
mongodb+srv://vibhanshi2023cse_db_user:techno123@cluster0.lpxk8fa.mongodb.net/society-app
◇ injected env (0) from .env // tip: ⌘ suppress logs { quiet: true }
⏰ GDPR Privacy Cleanup worker successfully registered.
server is running on port 3000
MONGODB IS UP
🧹 GDPR Privacy Cleanup: Successfully anonymized 0 logs older than 30 days.
◇ injected env (10) from .env // tip: ⌘ enable debugging { debug: true }
mongodb+srv://vibhanshi2023cse_db_user:techno123@cluster0.lpxk8fa.mongodb.net/society-app
◇ injected env (0) from .env // tip: ⌘ enable debugging { debug: true }
⏰ GDPR Privacy Cleanup worker successfully registered.
server is running on port 3000
MONGODB IS UP
🧹 GDPR Privacy Cleanup: Successfully anonymized 0 logs older than 30 days.
◇ injected env (10) from .env // tip: ◈ encrypted .env [www.dotenvx.com]
mongodb+srv://vibhanshi2023cse_db_user:techno123@cluster0.lpxk8fa.mongodb.net/society-app
◇ injected env (0) from .env // tip: ⌘ enable debugging { debug: true }
⏰ GDPR Privacy Cleanup worker successfully registered.
server is running on port 3000
MONGODB IS UP
🧹 GDPR Privacy Cleanup: Successfully anonymized 0 logs older than 30 days.
◇ injected env (10) from .env // tip: ⌘ multiple files { path: ['.env.local', '.env'] }
mongodb+srv://vibhanshi2023cse_db_user:techno123@cluster0.lpxk8fa.mongodb.net/society-app
◇ injected env (0) from .env // tip: ◈ encrypted .env [www.dotenvx.com]
⏰ GDPR Privacy Cleanup worker successfully registered.
server is running on port 3000
MONGODB IS UP
🧹 GDPR Privacy Cleanup: Successfully anonymized 0 logs older than 30 days.
◇ injected env (10) from .env // tip: ⌘ override existing { override: true }
mongodb+srv://vibhanshi2023cse_db_user:techno123@cluster0.lpxk8fa.mongodb.net/society-app
◇ injected env (0) from .env // tip: ⌘ custom filepath { path: '/custom/path/.env' }
⏰ GDPR Privacy Cleanup worker successfully registered.
server is running on port 3000
MONGODB IS UP
🧹 GDPR Privacy Cleanup: Successfully anonymized 0 logs older than 30 days.
◇ injected env (10) from .env // tip: ⌁ auth for agents [www.vestauth.com]
mongodb+srv://vibhanshi2023cse_db_user:techno123@cluster0.lpxk8fa.mongodb.net/society-app
◇ injected env (0) from .env // tip: ◈ secrets for agents [www.dotenvx.com]
⏰ GDPR Privacy Cleanup worker successfully registered.
server is running on port 3000
MONGODB IS UP
🧹 GDPR Privacy Cleanup: Successfully anonymized 0 logs older than 30 days.
◇ injected env (10) from .env // tip: ⌘ suppress logs { quiet: true }
mongodb+srv://vibhanshi2023cse_db_user:techno123@cluster0.lpxk8fa.mongodb.net/society-app
◇ injected env (0) from .env // tip: ⌘ enable debugging { debug: true }
⏰ GDPR Privacy Cleanup worker successfully registered.
server is running on port 3000
MONGODB IS UP
🧹 GDPR Privacy Cleanup: Successfully anonymized 0 logs older than 30 days.
◇ injected env (10) from .env // tip: ⌘ custom filepath { path: '/custom/path/.env' }
mongodb+srv://vibhanshi2023cse_db_user:techno123@cluster0.lpxk8fa.mongodb.net/society-app
◇ injected env (0) from .env // tip: ⌁ auth for agents [www.vestauth.com]
⏰ GDPR Privacy Cleanup worker successfully registered.
server is running on port 3000
MONGODB IS UP
🧹 GDPR Privacy Cleanup: Successfully anonymized 0 logs older than 30 days.
◇ injected env (10) from .env // tip: ◈ encrypted .env [www.dotenvx.com]
mongodb+srv://vibhanshi2023cse_db_user:techno123@cluster0.lpxk8fa.mongodb.net/society-app
◇ injected env (0) from .env // tip: ⌘ suppress logs { quiet: true }
⏰ GDPR Privacy Cleanup worker successfully registered.
server is running on port 3000
MONGODB IS UP
🧹 GDPR Privacy Cleanup: Successfully anonymized 0 logs older than 30 days.
◇ injected env (10) from .env // tip: ◈ encrypted .env [www.dotenvx.com]
mongodb+srv://vibhanshi2023cse_db_user:techno123@cluster0.lpxk8fa.mongodb.net/society-app
◇ injected env (0) from .env // tip: ⌁ auth for agents [www.vestauth.com]
⏰ GDPR Privacy Cleanup worker successfully registered.
server is running on port 3000
MONGODB IS UP
🧹 GDPR Privacy Cleanup: Successfully anonymized 0 logs older than 30 days.
◇ injected env (10) from .env // tip: ⌘ enable debugging { debug: true }
mongodb+srv://vibhanshi2023cse_db_user:techno123@cluster0.lpxk8fa.mongodb.net/society-app
◇ injected env (0) from .env // tip: ⌘ custom filepath { path: '/custom/path/.env' }
⏰ GDPR Privacy Cleanup worker successfully registered.
server is running on port 3000
MONGODB IS UP
🧹 GDPR Privacy Cleanup: Successfully anonymized 0 logs older than 30 days.
◇ injected env (10) from .env // tip: ⌘ enable debugging { debug: true }
mongodb+srv://vibhanshi2023cse_db_user:techno123@cluster0.lpxk8fa.mongodb.net/society-app
◇ injected env (0) from .env // tip: ⌘ multiple files { path: ['.env.local', '.env'] }
⏰ GDPR Privacy Cleanup worker successfully registered.
server is running on port 3000
MONGODB IS UP
🧹 GDPR Privacy Cleanup: Successfully anonymized 0 logs older than 30 days.
◇ injected env (10) from .env // tip: ◈ secrets for agents [www.dotenvx.com]
mongodb+srv://vibhanshi2023cse_db_user:techno123@cluster0.lpxk8fa.mongodb.net/society-app
◇ injected env (0) from .env // tip: ⌘ custom filepath { path: '/custom/path/.env' }
⏰ GDPR Privacy Cleanup worker successfully registered.
server is running on port 3000
MONGODB IS UP
🧹 GDPR Privacy Cleanup: Successfully anonymized 0 logs older than 30 days.
◇ injected env (10) from .env // tip: ⌘ enable debugging { debug: true }
mongodb+srv://vibhanshi2023cse_db_user:techno123@cluster0.lpxk8fa.mongodb.net/society-app
◇ injected env (0) from .env // tip: ⌘ override existing { override: true }
⏰ GDPR Privacy Cleanup worker successfully registered.
server is running on port 3000
MONGODB IS UP
🧹 GDPR Privacy Cleanup: Successfully anonymized 0 logs older than 30 days.
◇ injected env (10) from .env // tip: ◈ encrypted .env [www.dotenvx.com]
mongodb+srv://vibhanshi2023cse_db_user:techno123@cluster0.lpxk8fa.mongodb.net/society-app
◇ injected env (0) from .env // tip: ◈ encrypted .env [www.dotenvx.com]
⏰ GDPR Privacy Cleanup worker successfully registered.
server is running on port 3000
MONGODB IS UP
🧹 GDPR Privacy Cleanup: Successfully anonymized 0 logs older than 30 days.
◇ injected env (10) from .env // tip: ⌘ enable debugging { debug: true }
mongodb+srv://vibhanshi2023cse_db_user:techno123@cluster0.lpxk8fa.mongodb.net/society-app
◇ injected env (0) from .env // tip: ⌘ suppress logs { quiet: true }
⏰ GDPR Privacy Cleanup worker successfully registered.
server is running on port 3000
MONGODB IS UP
🧹 GDPR Privacy Cleanup: Successfully anonymized 0 logs older than 30 days.
◇ injected env (10) from .env // tip: ⌘ override existing { override: true }
mongodb+srv://vibhanshi2023cse_db_user:techno123@cluster0.lpxk8fa.mongodb.net/society-app
◇ injected env (0) from .env // tip: ⌘ custom filepath { path: '/custom/path/.env' }
⏰ GDPR Privacy Cleanup worker successfully registered.
server is running on port 3000
MONGODB IS UP
🧹 GDPR Privacy Cleanup: Successfully anonymized 0 logs older than 30 days.
◇ injected env (10) from .env // tip: ⌘ custom filepath { path: '/custom/path/.env' }
mongodb+srv://vibhanshi2023cse_db_user:techno123@cluster0.lpxk8fa.mongodb.net/society-app
◇ injected env (0) from .env // tip: ⌘ suppress logs { quiet: true }
⏰ GDPR Privacy Cleanup worker successfully registered.
server is running on port 3000
MONGODB IS UP
🧹 GDPR Privacy Cleanup: Successfully anonymized 0 logs older than 30 days.
◇ injected env (10) from .env // tip: ⌘ multiple files { path: ['.env.local', '.env'] }
mongodb+srv://vibhanshi2023cse_db_user:techno123@cluster0.lpxk8fa.mongodb.net/society-app
◇ injected env (0) from .env // tip: ⌘ multiple files { path: ['.env.local', '.env'] }
⏰ GDPR Privacy Cleanup worker successfully registered.
server is running on port 3000
MONGODB IS UP
🧹 GDPR Privacy Cleanup: Successfully anonymized 0 logs older than 30 days.
◇ injected env (10) from .env // tip: ⌘ multiple files { path: ['.env.local', '.env'] }
mongodb+srv://vibhanshi2023cse_db_user:techno123@cluster0.lpxk8fa.mongodb.net/society-app
◇ injected env (0) from .env // tip: ◈ secrets for agents [www.dotenvx.com]
⏰ GDPR Privacy Cleanup worker successfully registered.
server is running on port 3000
MONGODB IS UP
🧹 GDPR Privacy Cleanup: Successfully anonymized 0 logs older than 30 days.
◇ injected env (10) from .env // tip: ⌁ auth for agents [www.vestauth.com]
mongodb+srv://vibhanshi2023cse_db_user:techno123@cluster0.lpxk8fa.mongodb.net/society-app
◇ injected env (0) from .env // tip: ⌘ multiple files { path: ['.env.local', '.env'] }
⏰ GDPR Privacy Cleanup worker successfully registered.
server is running on port 3000
MONGODB IS UP
🧹 GDPR Privacy Cleanup: Successfully anonymized 0 logs older than 30 days.
◇ injected env (10) from .env // tip: ⌘ enable debugging { debug: true }
mongodb+srv://vibhanshi2023cse_db_user:techno123@cluster0.lpxk8fa.mongodb.net/society-app
◇ injected env (0) from .env // tip: ⌁ auth for agents [www.vestauth.com]
⏰ GDPR Privacy Cleanup worker successfully registered.
server is running on port 3000
MONGODB IS UP
🧹 GDPR Privacy Cleanup: Successfully anonymized 0 logs older than 30 days.
◇ injected env (10) from .env // tip: ⌘ override existing { override: true }
mongodb+srv://vibhanshi2023cse_db_user:techno123@cluster0.lpxk8fa.mongodb.net/society-app
◇ injected env (0) from .env // tip: ⌘ multiple files { path: ['.env.local', '.env'] }
⏰ GDPR Privacy Cleanup worker successfully registered.
server is running on port 3000
MONGODB IS UP
🧹 GDPR Privacy Cleanup: Successfully anonymized 0 logs older than 30 days.
◇ injected env (10) from .env // tip: ⌘ custom filepath { path: '/custom/path/.env' }
mongodb+srv://vibhanshi2023cse_db_user:techno123@cluster0.lpxk8fa.mongodb.net/society-app
◇ injected env (0) from .env // tip: ◈ encrypted .env [www.dotenvx.com]
⏰ GDPR Privacy Cleanup worker successfully registered.
server is running on port 3000
MONGODB IS UP
🧹 GDPR Privacy Cleanup: Successfully anonymized 0 logs older than 30 days.
◇ injected env (10) from .env // tip: ⌘ suppress logs { quiet: true }
mongodb+srv://vibhanshi2023cse_db_user:techno123@cluster0.lpxk8fa.mongodb.net/society-app
◇ injected env (0) from .env // tip: ⌘ custom filepath { path: '/custom/path/.env' }
⏰ GDPR Privacy Cleanup worker successfully registered.
server is running on port 3000
MONGODB IS UP
🧹 GDPR Privacy Cleanup: Successfully anonymized 0 logs older than 30 days.
◇ injected env (10) from .env // tip: ⌘ override existing { override: true }
mongodb+srv://vibhanshi2023cse_db_user:techno123@cluster0.lpxk8fa.mongodb.net/society-app
◇ injected env (0) from .env // tip: ⌁ auth for agents [www.vestauth.com]
⏰ GDPR Privacy Cleanup worker successfully registered.
server is running on port 3000
MONGODB IS UP
🧹 GDPR Privacy Cleanup: Successfully anonymized 0 logs older than 30 days.
◇ injected env (10) from .env // tip: ◈ encrypted .env [www.dotenvx.com]
mongodb+srv://vibhanshi2023cse_db_user:techno123@cluster0.lpxk8fa.mongodb.net/society-app
◇ injected env (0) from .env // tip: ⌘ multiple files { path: ['.env.local', '.env'] }
⏰ GDPR Privacy Cleanup worker successfully registered.
server is running on port 3000
MONGODB IS UP
🧹 GDPR Privacy Cleanup: Successfully anonymized 0 logs older than 30 days.
◇ injected env (10) from .env // tip: ⌁ auth for agents [www.vestauth.com]
mongodb+srv://vibhanshi2023cse_db_user:techno123@cluster0.lpxk8fa.mongodb.net/society-app
◇ injected env (0) from .env // tip: ⌘ multiple files { path: ['.env.local', '.env'] }
⏰ GDPR Privacy Cleanup worker successfully registered.
server is running on port 3000
MONGODB IS UP
🧹 GDPR Privacy Cleanup: Successfully anonymized 0 logs older than 30 days.
◇ injected env (10) from .env // tip: ◈ secrets for agents [www.dotenvx.com]
mongodb+srv://vibhanshi2023cse_db_user:techno123@cluster0.lpxk8fa.mongodb.net/society-app
◇ injected env (0) from .env // tip: ◈ secrets for agents [www.dotenvx.com]
⏰ GDPR Privacy Cleanup worker successfully registered.
server is running on port 3000
MONGODB IS UP
🧹 GDPR Privacy Cleanup: Successfully anonymized 0 logs older than 30 days.
◇ injected env (10) from .env // tip: ◈ secrets for agents [www.dotenvx.com]
mongodb+srv://vibhanshi2023cse_db_user:techno123@cluster0.lpxk8fa.mongodb.net/society-app
◇ injected env (0) from .env // tip: ⌁ auth for agents [www.vestauth.com]
⏰ GDPR Privacy Cleanup worker successfully registered.
server is running on port 3000
MONGODB IS UP
🧹 GDPR Privacy Cleanup: Successfully anonymized 0 logs older than 30 days.
◇ injected env (10) from .env // tip: ◈ secrets for agents [www.dotenvx.com]
mongodb+srv://vibhanshi2023cse_db_user:techno123@cluster0.lpxk8fa.mongodb.net/society-app
◇ injected env (0) from .env // tip: ⌘ enable debugging { debug: true }
⏰ GDPR Privacy Cleanup worker successfully registered.
server is running on port 3000
MONGODB IS UP
🧹 GDPR Privacy Cleanup: Successfully anonymized 0 logs older than 30 days.
◇ injected env (10) from .env // tip: ◈ encrypted .env [www.dotenvx.com]
mongodb+srv://vibhanshi2023cse_db_user:techno123@cluster0.lpxk8fa.mongodb.net/society-app
◇ injected env (0) from .env // tip: ⌘ custom filepath { path: '/custom/path/.env' }
⏰ GDPR Privacy Cleanup worker successfully registered.
server is running on port 3000
MONGODB IS UP
🧹 GDPR Privacy Cleanup: Successfully anonymized 0 logs older than 30 days.
◇ injected env (10) from .env // tip: ⌁ auth for agents [www.vestauth.com]
mongodb+srv://vibhanshi2023cse_db_user:techno123@cluster0.lpxk8fa.mongodb.net/society-app
◇ injected env (0) from .env // tip: ⌘ multiple files { path: ['.env.local', '.env'] }
⏰ GDPR Privacy Cleanup worker successfully registered.
server is running on port 3000
MONGODB IS UP
🧹 GDPR Privacy Cleanup: Successfully anonymized 0 logs older than 30 days.
◇ injected env (10) from .env // tip: ⌘ enable debugging { debug: true }
mongodb+srv://vibhanshi2023cse_db_user:techno123@cluster0.lpxk8fa.mongodb.net/society-app
◇ injected env (0) from .env // tip: ⌁ auth for agents [www.vestauth.com]
⏰ GDPR Privacy Cleanup worker successfully registered.
server is running on port 3000
MONGODB IS UP
🧹 GDPR Privacy Cleanup: Successfully anonymized 0 logs older than 30 days.
◇ injected env (10) from .env // tip: ⌘ multiple files { path: ['.env.local', '.env'] }
mongodb+srv://vibhanshi2023cse_db_user:techno123@cluster0.lpxk8fa.mongodb.net/society-app
◇ injected env (0) from .env // tip: ⌘ override existing { override: true }
⏰ GDPR Privacy Cleanup worker successfully registered.
server is running on port 3000
MONGODB IS UP
🧹 GDPR Privacy Cleanup: Successfully anonymized 0 logs older than 30 days.
◇ injected env (10) from .env // tip: ⌘ override existing { override: true }
mongodb+srv://vibhanshi2023cse_db_user:techno123@cluster0.lpxk8fa.mongodb.net/society-app
◇ injected env (0) from .env // tip: ◈ encrypted .env [www.dotenvx.com]
⏰ GDPR Privacy Cleanup worker successfully registered.
server is running on port 3000
MONGODB IS UP
🧹 GDPR Privacy Cleanup: Successfully anonymized 0 logs older than 30 days.
◇ injected env (10) from .env // tip: ◈ encrypted .env [www.dotenvx.com]
mongodb+srv://vibhanshi2023cse_db_user:techno123@cluster0.lpxk8fa.mongodb.net/society-app
◇ injected env (0) from .env // tip: ⌘ override existing { override: true }
⏰ GDPR Privacy Cleanup worker successfully registered.
server is running on port 3000
MONGODB IS UP
🧹 GDPR Privacy Cleanup: Successfully anonymized 0 logs older than 30 days.
◇ injected env (10) from .env // tip: ⌘ override existing { override: true }
mongodb+srv://vibhanshi2023cse_db_user:techno123@cluster0.lpxk8fa.mongodb.net/society-app
◇ injected env (0) from .env // tip: ⌁ auth for agents [www.vestauth.com]
⏰ GDPR Privacy Cleanup worker successfully registered.
server is running on port 3000
MONGODB IS UP
🧹 GDPR Privacy Cleanup: Successfully anonymized 0 logs older than 30 days.
◇ injected env (10) from .env // tip: ◈ encrypted .env [www.dotenvx.com]
mongodb+srv://vibhanshi2023cse_db_user:techno123@cluster0.lpxk8fa.mongodb.net/society-app
◇ injected env (0) from .env // tip: ⌘ multiple files { path: ['.env.local', '.env'] }
⏰ GDPR Privacy Cleanup worker successfully registered.
server is running on port 3000
MONGODB IS UP
🧹 GDPR Privacy Cleanup: Successfully anonymized 0 logs older than 30 days.
◇ injected env (10) from .env // tip: ⌁ auth for agents [www.vestauth.com]
mongodb+srv://vibhanshi2023cse_db_user:techno123@cluster0.lpxk8fa.mongodb.net/society-app
◇ injected env (0) from .env // tip: ⌘ enable debugging { debug: true }
⏰ GDPR Privacy Cleanup worker successfully registered.
server is running on port 3000
MONGODB IS UP
🧹 GDPR Privacy Cleanup: Successfully anonymized 0 logs older than 30 days.
◇ injected env (10) from .env // tip: ◈ encrypted .env [www.dotenvx.com]
mongodb+srv://vibhanshi2023cse_db_user:techno123@cluster0.lpxk8fa.mongodb.net/society-app
◇ injected env (0) from .env // tip: ◈ encrypted .env [www.dotenvx.com]
⏰ GDPR Privacy Cleanup worker successfully registered.
server is running on port 3000
MONGODB IS UP
🧹 GDPR Privacy Cleanup: Successfully anonymized 0 logs older than 30 days.
◇ injected env (10) from .env // tip: ⌘ enable debugging { debug: true }
mongodb+srv://vibhanshi2023cse_db_user:techno123@cluster0.lpxk8fa.mongodb.net/society-app
◇ injected env (0) from .env // tip: ⌁ auth for agents [www.vestauth.com]
⏰ GDPR Privacy Cleanup worker successfully registered.
server is running on port 3000
MONGODB IS UP
🧹 GDPR Privacy Cleanup: Successfully anonymized 0 logs older than 30 days.
◇ injected env (10) from .env // tip: ⌁ auth for agents [www.vestauth.com]
mongodb+srv://vibhanshi2023cse_db_user:techno123@cluster0.lpxk8fa.mongodb.net/society-app
◇ injected env (0) from .env // tip: ◈ secrets for agents [www.dotenvx.com]
⏰ GDPR Privacy Cleanup worker successfully registered.
server is running on port 3000
MONGODB IS UP
🧹 GDPR Privacy Cleanup: Successfully anonymized 0 logs older than 30 days.
◇ injected env (10) from .env // tip: ⌘ suppress logs { quiet: true }
mongodb+srv://vibhanshi2023cse_db_user:techno123@cluster0.lpxk8fa.mongodb.net/society-app
◇ injected env (0) from .env // tip: ◈ encrypted .env [www.dotenvx.com]
⏰ GDPR Privacy Cleanup worker successfully registered.
server is running on port 3000
MONGODB IS UP
🧹 GDPR Privacy Cleanup: Successfully anonymized 0 logs older than 30 days.
◇ injected env (10) from .env // tip: ⌘ multiple files { path: ['.env.local', '.env'] }
mongodb+srv://vibhanshi2023cse_db_user:techno123@cluster0.lpxk8fa.mongodb.net/society-app
◇ injected env (0) from .env // tip: ⌘ suppress logs { quiet: true }
⏰ GDPR Privacy Cleanup worker successfully registered.
server is running on port 3000
MONGODB IS UP
🧹 GDPR Privacy Cleanup: Successfully anonymized 0 logs older than 30 days.
◇ injected env (10) from .env // tip: ⌘ enable debugging { debug: true }
mongodb+srv://vibhanshi2023cse_db_user:techno123@cluster0.lpxk8fa.mongodb.net/society-app
◇ injected env (0) from .env // tip: ⌁ auth for agents [www.vestauth.com]
⏰ GDPR Privacy Cleanup worker successfully registered.
server is running on port 3000
MONGODB IS UP
🧹 GDPR Privacy Cleanup: Successfully anonymized 0 logs older than 30 days.
◇ injected env (10) from .env // tip: ⌘ enable debugging { debug: true }
mongodb+srv://vibhanshi2023cse_db_user:techno123@cluster0.lpxk8fa.mongodb.net/society-app
◇ injected env (0) from .env // tip: ⌘ suppress logs { quiet: true }
⏰ GDPR Privacy Cleanup worker successfully registered.
server is running on port 3000
MONGODB IS UP
🧹 GDPR Privacy Cleanup: Successfully anonymized 0 logs older than 30 days.
◇ injected env (10) from .env // tip: ⌁ auth for agents [www.vestauth.com]
mongodb+srv://vibhanshi2023cse_db_user:techno123@cluster0.lpxk8fa.mongodb.net/society-app
◇ injected env (0) from .env // tip: ⌘ multiple files { path: ['.env.local', '.env'] }
⏰ GDPR Privacy Cleanup worker successfully registered.
server is running on port 3000
MONGODB IS UP
🧹 GDPR Privacy Cleanup: Successfully anonymized 0 logs older than 30 days.
◇ injected env (10) from .env // tip: ⌘ suppress logs { quiet: true }
mongodb+srv://vibhanshi2023cse_db_user:techno123@cluster0.lpxk8fa.mongodb.net/society-app
◇ injected env (0) from .env // tip: ⌘ override existing { override: true }
⏰ GDPR Privacy Cleanup worker successfully registered.
server is running on port 3000
MONGODB IS UP
🧹 GDPR Privacy Cleanup: Successfully anonymized 0 logs older than 30 days.
◇ injected env (10) from .env // tip: ⌘ multiple files { path: ['.env.local', '.env'] }
mongodb+srv://vibhanshi2023cse_db_user:techno123@cluster0.lpxk8fa.mongodb.net/society-app
◇ injected env (0) from .env // tip: ◈ secrets for agents [www.dotenvx.com]
⏰ GDPR Privacy Cleanup worker successfully registered.
server is running on port 3000
MONGODB IS UP
🧹 GDPR Privacy Cleanup: Successfully anonymized 0 logs older than 30 days.
◇ injected env (10) from .env // tip: ⌘ multiple files { path: ['.env.local', '.env'] }
mongodb+srv://vibhanshi2023cse_db_user:techno123@cluster0.lpxk8fa.mongodb.net/society-app
◇ injected env (0) from .env // tip: ⌁ auth for agents [www.vestauth.com]
⏰ GDPR Privacy Cleanup worker successfully registered.
server is running on port 3000
MONGODB IS UP
🧹 GDPR Privacy Cleanup: Successfully anonymized 0 logs older than 30 days.
◇ injected env (10) from .env // tip: ⌘ custom filepath { path: '/custom/path/.env' }
mongodb+srv://vibhanshi2023cse_db_user:techno123@cluster0.lpxk8fa.mongodb.net/society-app
◇ injected env (0) from .env // tip: ⌘ multiple files { path: ['.env.local', '.env'] }
⏰ GDPR Privacy Cleanup worker successfully registered.
server is running on port 3000
MONGODB IS UP
🧹 GDPR Privacy Cleanup: Successfully anonymized 0 logs older than 30 days.
◇ injected env (10) from .env // tip: ◈ encrypted .env [www.dotenvx.com]
mongodb+srv://vibhanshi2023cse_db_user:techno123@cluster0.lpxk8fa.mongodb.net/society-app
◇ injected env (0) from .env // tip: ⌘ custom filepath { path: '/custom/path/.env' }
⏰ GDPR Privacy Cleanup worker successfully registered.
server is running on port 3000
MONGODB IS UP
🧹 GDPR Privacy Cleanup: Successfully anonymized 0 logs older than 30 days.
◇ injected env (10) from .env // tip: ◈ encrypted .env [www.dotenvx.com]
mongodb+srv://vibhanshi2023cse_db_user:techno123@cluster0.lpxk8fa.mongodb.net/society-app
◇ injected env (0) from .env // tip: ⌘ custom filepath { path: '/custom/path/.env' }
⏰ GDPR Privacy Cleanup worker successfully registered.
server is running on port 3000
MONGODB IS UP
🧹 GDPR Privacy Cleanup: Successfully anonymized 0 logs older than 30 days.
◇ injected env (10) from .env // tip: ⌘ override existing { override: true }
mongodb+srv://vibhanshi2023cse_db_user:techno123@cluster0.lpxk8fa.mongodb.net/society-app
◇ injected env (0) from .env // tip: ◈ secrets for agents [www.dotenvx.com]
⏰ GDPR Privacy Cleanup worker successfully registered.
server is running on port 3000
MONGODB IS UP
🧹 GDPR Privacy Cleanup: Successfully anonymized 0 logs older than 30 days.
◇ injected env (10) from .env // tip: ⌘ suppress logs { quiet: true }
mongodb+srv://vibhanshi2023cse_db_user:techno123@cluster0.lpxk8fa.mongodb.net/society-app
◇ injected env (0) from .env // tip: ⌘ custom filepath { path: '/custom/path/.env' }
⏰ GDPR Privacy Cleanup worker successfully registered.
server is running on port 3000
MONGODB IS UP
🧹 GDPR Privacy Cleanup: Successfully anonymized 0 logs older than 30 days.
◇ injected env (10) from .env // tip: ⌘ suppress logs { quiet: true }
mongodb+srv://vibhanshi2023cse_db_user:techno123@cluster0.lpxk8fa.mongodb.net/society-app
◇ injected env (0) from .env // tip: ⌘ enable debugging { debug: true }
⏰ GDPR Privacy Cleanup worker successfully registered.
server is running on port 3000
MONGODB IS UP
🧹 GDPR Privacy Cleanup: Successfully anonymized 0 logs older than 30 days.
◇ injected env (10) from .env // tip: ⌘ suppress logs { quiet: true }
mongodb+srv://vibhanshi2023cse_db_user:techno123@cluster0.lpxk8fa.mongodb.net/society-app
◇ injected env (0) from .env // tip: ⌘ custom filepath { path: '/custom/path/.env' }
⏰ GDPR Privacy Cleanup worker successfully registered.
server is running on port 3000
MONGODB IS UP
🧹 GDPR Privacy Cleanup: Successfully anonymized 0 logs older than 30 days.
◇ injected env (10) from .env // tip: ⌘ enable debugging { debug: true }
mongodb+srv://vibhanshi2023cse_db_user:techno123@cluster0.lpxk8fa.mongodb.net/society-app
◇ injected env (0) from .env // tip: ⌘ custom filepath { path: '/custom/path/.env' }
⏰ GDPR Privacy Cleanup worker successfully registered.
server is running on port 3000
MONGODB IS UP
🧹 GDPR Privacy Cleanup: Successfully anonymized 0 logs older than 30 days.
◇ injected env (10) from .env // tip: ⌘ suppress logs { quiet: true }
mongodb+srv://vibhanshi2023cse_db_user:techno123@cluster0.lpxk8fa.mongodb.net/society-app
◇ injected env (0) from .env // tip: ⌘ suppress logs { quiet: true }
⏰ GDPR Privacy Cleanup worker successfully registered.
server is running on port 3000
MONGODB IS UP
🧹 GDPR Privacy Cleanup: Successfully anonymized 0 logs older than 30 days.
◇ injected env (10) from .env // tip: ⌘ enable debugging { debug: true }
mongodb+srv://vibhanshi2023cse_db_user:techno123@cluster0.lpxk8fa.mongodb.net/society-app
◇ injected env (0) from .env // tip: ⌁ auth for agents [www.vestauth.com]
⏰ GDPR Privacy Cleanup worker successfully registered.
server is running on port 3000
MONGODB IS UP
🧹 GDPR Privacy Cleanup: Successfully anonymized 0 logs older than 30 days.
◇ injected env (10) from .env // tip: ⌘ suppress logs { quiet: true }
mongodb+srv://vibhanshi2023cse_db_user:techno123@cluster0.lpxk8fa.mongodb.net/society-app
◇ injected env (0) from .env // tip: ⌘ override existing { override: true }
⏰ GDPR Privacy Cleanup worker successfully registered.
server is running on port 3000
MONGODB IS UP
🧹 GDPR Privacy Cleanup: Successfully anonymized 0 logs older than 30 days.
◇ injected env (10) from .env // tip: ◈ secrets for agents [www.dotenvx.com]
mongodb+srv://vibhanshi2023cse_db_user:techno123@cluster0.lpxk8fa.mongodb.net/society-app
◇ injected env (0) from .env // tip: ⌘ override existing { override: true }
⏰ GDPR Privacy Cleanup worker successfully registered.
server is running on port 3000
MONGODB IS UP
🧹 GDPR Privacy Cleanup: Successfully anonymized 0 logs older than 30 days.
◇ injected env (10) from .env // tip: ◈ encrypted .env [www.dotenvx.com]
mongodb+srv://vibhanshi2023cse_db_user:techno123@cluster0.lpxk8fa.mongodb.net/society-app
◇ injected env (0) from .env // tip: ⌘ enable debugging { debug: true }
⏰ GDPR Privacy Cleanup worker successfully registered.
server is running on port 3000
MONGODB IS UP
🧹 GDPR Privacy Cleanup: Successfully anonymized 0 logs older than 30 days.
◇ injected env (10) from .env // tip: ⌁ auth for agents [www.vestauth.com]
mongodb+srv://vibhanshi2023cse_db_user:techno123@cluster0.lpxk8fa.mongodb.net/society-app
◇ injected env (0) from .env // tip: ◈ secrets for agents [www.dotenvx.com]
⏰ GDPR Privacy Cleanup worker successfully registered.
server is running on port 3000
MONGODB IS UP
🧹 GDPR Privacy Cleanup: Successfully anonymized 0 logs older than 30 days.
◇ injected env (10) from .env // tip: ⌘ enable debugging { debug: true }
mongodb+srv://vibhanshi2023cse_db_user:techno123@cluster0.lpxk8fa.mongodb.net/society-app
◇ injected env (0) from .env // tip: ◈ encrypted .env [www.dotenvx.com]
⏰ GDPR Privacy Cleanup worker successfully registered.
server is running on port 3000
MONGODB IS UP
🧹 GDPR Privacy Cleanup: Successfully anonymized 0 logs older than 30 days.
◇ injected env (10) from .env // tip: ◈ encrypted .env [www.dotenvx.com]
mongodb+srv://vibhanshi2023cse_db_user:techno123@cluster0.lpxk8fa.mongodb.net/society-app
◇ injected env (0) from .env // tip: ⌘ override existing { override: true }
⏰ GDPR Privacy Cleanup worker successfully registered.
server is running on port 3000
MONGODB IS UP
🧹 GDPR Privacy Cleanup: Successfully anonymized 0 logs older than 30 days.
◇ injected env (10) from .env // tip: ⌘ multiple files { path: ['.env.local', '.env'] }
mongodb+srv://vibhanshi2023cse_db_user:techno123@cluster0.lpxk8fa.mongodb.net/society-app
◇ injected env (0) from .env // tip: ⌘ enable debugging { debug: true }
⏰ GDPR Privacy Cleanup worker successfully registered.
server is running on port 3000
MONGODB IS UP
🧹 GDPR Privacy Cleanup: Successfully anonymized 0 logs older than 30 days.
◇ injected env (10) from .env // tip: ⌘ multiple files { path: ['.env.local', '.env'] }
mongodb+srv://vibhanshi2023cse_db_user:techno123@cluster0.lpxk8fa.mongodb.net/society-app
◇ injected env (0) from .env // tip: ⌘ enable debugging { debug: true }
⏰ GDPR Privacy Cleanup worker successfully registered.
server is running on port 3000
MONGODB IS UP
🧹 GDPR Privacy Cleanup: Successfully anonymized 0 logs older than 30 days.
◇ injected env (10) from .env // tip: ⌘ override existing { override: true }
mongodb+srv://vibhanshi2023cse_db_user:techno123@cluster0.lpxk8fa.mongodb.net/society-app
◇ injected env (0) from .env // tip: ◈ encrypted .env [www.dotenvx.com]
⏰ GDPR Privacy Cleanup worker successfully registered.
server is running on port 3000
MONGODB IS UP
🧹 GDPR Privacy Cleanup: Successfully anonymized 0 logs older than 30 days.
◇ injected env (10) from .env // tip: ◈ secrets for agents [www.dotenvx.com]
mongodb+srv://vibhanshi2023cse_db_user:techno123@cluster0.lpxk8fa.mongodb.net/society-app
◇ injected env (0) from .env // tip: ⌘ custom filepath { path: '/custom/path/.env' }
⏰ GDPR Privacy Cleanup worker successfully registered.
server is running on port 3000
MONGODB IS UP
🧹 GDPR Privacy Cleanup: Successfully anonymized 0 logs older than 30 days.
◇ injected env (10) from .env // tip: ◈ secrets for agents [www.dotenvx.com]
mongodb+srv://vibhanshi2023cse_db_user:techno123@cluster0.lpxk8fa.mongodb.net/society-app
◇ injected env (0) from .env // tip: ◈ encrypted .env [www.dotenvx.com]
⏰ GDPR Privacy Cleanup worker successfully registered.
server is running on port 3000
MONGODB IS UP
🧹 GDPR Privacy Cleanup: Successfully anonymized 0 logs older than 30 days.
◇ injected env (10) from .env // tip: ◈ encrypted .env [www.dotenvx.com]
mongodb+srv://vibhanshi2023cse_db_user:techno123@cluster0.lpxk8fa.mongodb.net/society-app
◇ injected env (0) from .env // tip: ◈ secrets for agents [www.dotenvx.com]
⏰ GDPR Privacy Cleanup worker successfully registered.
server is running on port 3000
MONGODB IS UP
🧹 GDPR Privacy Cleanup: Successfully anonymized 0 logs older than 30 days.
◇ injected env (10) from .env // tip: ⌘ suppress logs { quiet: true }
mongodb+srv://vibhanshi2023cse_db_user:techno123@cluster0.lpxk8fa.mongodb.net/society-app
◇ injected env (0) from .env // tip: ⌘ enable debugging { debug: true }
⏰ GDPR Privacy Cleanup worker successfully registered.
server is running on port 3000
MONGODB IS UP
🧹 GDPR Privacy Cleanup: Successfully anonymized 0 logs older than 30 days.
◇ injected env (10) from .env // tip: ◈ secrets for agents [www.dotenvx.com]
mongodb+srv://vibhanshi2023cse_db_user:techno123@cluster0.lpxk8fa.mongodb.net/society-app
◇ injected env (0) from .env // tip: ⌘ enable debugging { debug: true }
⏰ GDPR Privacy Cleanup worker successfully registered.
server is running on port 3000
MONGODB IS UP
🧹 GDPR Privacy Cleanup: Successfully anonymized 0 logs older than 30 days.
◇ injected env (10) from .env // tip: ⌘ override existing { override: true }
mongodb+srv://vibhanshi2023cse_db_user:techno123@cluster0.lpxk8fa.mongodb.net/society-app
◇ injected env (0) from .env // tip: ◈ encrypted .env [www.dotenvx.com]
⏰ GDPR Privacy Cleanup worker successfully registered.
server is running on port 3000
MONGODB IS UP
🧹 GDPR Privacy Cleanup: Successfully anonymized 0 logs older than 30 days.
◇ injected env (10) from .env // tip: ⌘ suppress logs { quiet: true }
mongodb+srv://vibhanshi2023cse_db_user:techno123@cluster0.lpxk8fa.mongodb.net/society-app
◇ injected env (0) from .env // tip: ⌘ suppress logs { quiet: true }
⏰ GDPR Privacy Cleanup worker successfully registered.
server is running on port 3000
MONGODB IS UP
🧹 GDPR Privacy Cleanup: Successfully anonymized 0 logs older than 30 days.
◇ injected env (10) from .env // tip: ⌘ suppress logs { quiet: true }
mongodb+srv://vibhanshi2023cse_db_user:techno123@cluster0.lpxk8fa.mongodb.net/society-app
◇ injected env (0) from .env // tip: ◈ encrypted .env [www.dotenvx.com]
⏰ GDPR Privacy Cleanup worker successfully registered.
server is running on port 3000
MONGODB IS UP
🧹 GDPR Privacy Cleanup: Successfully anonymized 0 logs older than 30 days.
◇ injected env (10) from .env // tip: ◈ secrets for agents [www.dotenvx.com]
mongodb+srv://vibhanshi2023cse_db_user:techno123@cluster0.lpxk8fa.mongodb.net/society-app
◇ injected env (0) from .env // tip: ◈ secrets for agents [www.dotenvx.com]
⏰ GDPR Privacy Cleanup worker successfully registered.
server is running on port 3000
MONGODB IS UP
🧹 GDPR Privacy Cleanup: Successfully anonymized 0 logs older than 30 days.
◇ injected env (10) from .env // tip: ⌘ enable debugging { debug: true }
mongodb+srv://vibhanshi2023cse_db_user:techno123@cluster0.lpxk8fa.mongodb.net/society-app
◇ injected env (0) from .env // tip: ◈ encrypted .env [www.dotenvx.com]
⏰ GDPR Privacy Cleanup worker successfully registered.
server is running on port 3000
MONGODB IS UP
🧹 GDPR Privacy Cleanup: Successfully anonymized 0 logs older than 30 days.
◇ injected env (10) from .env // tip: ⌘ enable debugging { debug: true }
mongodb+srv://vibhanshi2023cse_db_user:techno123@cluster0.lpxk8fa.mongodb.net/society-app
◇ injected env (0) from .env // tip: ◈ encrypted .env [www.dotenvx.com]
⏰ GDPR Privacy Cleanup worker successfully registered.
server is running on port 3000
MONGODB IS UP
🧹 GDPR Privacy Cleanup: Successfully anonymized 0 logs older than 30 days.
◇ injected env (10) from .env // tip: ⌁ auth for agents [www.vestauth.com]
mongodb+srv://vibhanshi2023cse_db_user:techno123@cluster0.lpxk8fa.mongodb.net/society-app
◇ injected env (0) from .env // tip: ⌘ override existing { override: true }
⏰ GDPR Privacy Cleanup worker successfully registered.
server is running on port 3000
MONGODB IS UP
🧹 GDPR Privacy Cleanup: Successfully anonymized 0 logs older than 30 days.
◇ injected env (10) from .env // tip: ⌁ auth for agents [www.vestauth.com]
mongodb+srv://vibhanshi2023cse_db_user:techno123@cluster0.lpxk8fa.mongodb.net/society-app
◇ injected env (0) from .env // tip: ⌘ override existing { override: true }
⏰ GDPR Privacy Cleanup worker successfully registered.
server is running on port 3000
MONGODB IS UP
🧹 GDPR Privacy Cleanup: Successfully anonymized 0 logs older than 30 days.
◇ injected env (10) from .env // tip: ◈ secrets for agents [www.dotenvx.com]
mongodb+srv://vibhanshi2023cse_db_user:techno123@cluster0.lpxk8fa.mongodb.net/society-app
◇ injected env (0) from .env // tip: ⌘ suppress logs { quiet: true }
⏰ GDPR Privacy Cleanup worker successfully registered.
server is running on port 3000
MONGODB IS UP
🧹 GDPR Privacy Cleanup: Successfully anonymized 0 logs older than 30 days.
◇ injected env (10) from .env // tip: ⌘ override existing { override: true }
mongodb+srv://vibhanshi2023cse_db_user:techno123@cluster0.lpxk8fa.mongodb.net/society-app
◇ injected env (0) from .env // tip: ⌘ custom filepath { path: '/custom/path/.env' }
⏰ GDPR Privacy Cleanup worker successfully registered.
server is running on port 3000
MONGODB IS UP
🧹 GDPR Privacy Cleanup: Successfully anonymized 0 logs older than 30 days.
◇ injected env (10) from .env // tip: ⌘ enable debugging { debug: true }
mongodb+srv://vibhanshi2023cse_db_user:techno123@cluster0.lpxk8fa.mongodb.net/society-app
◇ injected env (0) from .env // tip: ◈ encrypted .env [www.dotenvx.com]
⏰ GDPR Privacy Cleanup worker successfully registered.
server is running on port 3000
MONGODB IS UP
🧹 GDPR Privacy Cleanup: Successfully anonymized 0 logs older than 30 days.
◇ injected env (10) from .env // tip: ⌘ multiple files { path: ['.env.local', '.env'] }
mongodb+srv://vibhanshi2023cse_db_user:techno123@cluster0.lpxk8fa.mongodb.net/society-app
◇ injected env (0) from .env // tip: ⌘ suppress logs { quiet: true }
⏰ GDPR Privacy Cleanup worker successfully registered.
server is running on port 3000
MONGODB IS UP
🧹 GDPR Privacy Cleanup: Successfully anonymized 0 logs older than 30 days.
◇ injected env (10) from .env // tip: ⌁ auth for agents [www.vestauth.com]
mongodb+srv://vibhanshi2023cse_db_user:techno123@cluster0.lpxk8fa.mongodb.net/society-app
◇ injected env (0) from .env // tip: ◈ secrets for agents [www.dotenvx.com]
⏰ GDPR Privacy Cleanup worker successfully registered.
server is running on port 3000
MONGODB IS UP
🧹 GDPR Privacy Cleanup: Successfully anonymized 0 logs older than 30 days.
◇ injected env (10) from .env // tip: ◈ secrets for agents [www.dotenvx.com]
mongodb+srv://vibhanshi2023cse_db_user:techno123@cluster0.lpxk8fa.mongodb.net/society-app
◇ injected env (0) from .env // tip: ◈ secrets for agents [www.dotenvx.com]
⏰ GDPR Privacy Cleanup worker successfully registered.
server is running on port 3000
MONGODB IS UP
🧹 GDPR Privacy Cleanup: Successfully anonymized 0 logs older than 30 days.
◇ injected env (10) from .env // tip: ◈ encrypted .env [www.dotenvx.com]
mongodb+srv://vibhanshi2023cse_db_user:techno123@cluster0.lpxk8fa.mongodb.net/society-app
◇ injected env (0) from .env // tip: ⌘ custom filepath { path: '/custom/path/.env' }
⏰ GDPR Privacy Cleanup worker successfully registered.
server is running on port 3000
MONGODB IS UP
🧹 GDPR Privacy Cleanup: Successfully anonymized 0 logs older than 30 days.
◇ injected env (10) from .env // tip: ⌘ enable debugging { debug: true }
mongodb+srv://vibhanshi2023cse_db_user:techno123@cluster0.lpxk8fa.mongodb.net/society-app
◇ injected env (0) from .env // tip: ◈ encrypted .env [www.dotenvx.com]
⏰ GDPR Privacy Cleanup worker successfully registered.
server is running on port 3000
MONGODB IS UP
🧹 GDPR Privacy Cleanup: Successfully anonymized 0 logs older than 30 days.
◇ injected env (10) from .env // tip: ⌘ suppress logs { quiet: true }
mongodb+srv://vibhanshi2023cse_db_user:techno123@cluster0.lpxk8fa.mongodb.net/society-app
◇ injected env (0) from .env // tip: ⌘ multiple files { path: ['.env.local', '.env'] }
⏰ GDPR Privacy Cleanup worker successfully registered.
server is running on port 3000
MONGODB IS UP
🧹 GDPR Privacy Cleanup: Successfully anonymized 0 logs older than 30 days.
◇ injected env (10) from .env // tip: ⌘ override existing { override: true }
mongodb+srv://vibhanshi2023cse_db_user:techno123@cluster0.lpxk8fa.mongodb.net/society-app
◇ injected env (0) from .env // tip: ◈ encrypted .env [www.dotenvx.com]
⏰ GDPR Privacy Cleanup worker successfully registered.
server is running on port 3000
MONGODB IS UP
🧹 GDPR Privacy Cleanup: Successfully anonymized 0 logs older than 30 days.
◇ injected env (10) from .env // tip: ⌁ auth for agents [www.vestauth.com]
mongodb+srv://vibhanshi2023cse_db_user:techno123@cluster0.lpxk8fa.mongodb.net/society-app
◇ injected env (0) from .env // tip: ⌁ auth for agents [www.vestauth.com]
⏰ GDPR Privacy Cleanup worker successfully registered.
server is running on port 3000
MONGODB IS UP
🧹 GDPR Privacy Cleanup: Successfully anonymized 0 logs older than 30 days.
◇ injected env (10) from .env // tip: ⌘ suppress logs { quiet: true }
mongodb+srv://vibhanshi2023cse_db_user:techno123@cluster0.lpxk8fa.mongodb.net/society-app
◇ injected env (0) from .env // tip: ⌘ enable debugging { debug: true }
⏰ GDPR Privacy Cleanup worker successfully registered.
server is running on port 3000
MONGODB IS UP
🧹 GDPR Privacy Cleanup: Successfully anonymized 0 logs older than 30 days.
◇ injected env (10) from .env // tip: ◈ encrypted .env [www.dotenvx.com]
mongodb+srv://vibhanshi2023cse_db_user:techno123@cluster0.lpxk8fa.mongodb.net/society-app
◇ injected env (0) from .env // tip: ⌘ multiple files { path: ['.env.local', '.env'] }
⏰ GDPR Privacy Cleanup worker successfully registered.
server is running on port 3000
MONGODB IS UP
🧹 GDPR Privacy Cleanup: Successfully anonymized 0 logs older than 30 days.
◇ injected env (10) from .env // tip: ⌘ suppress logs { quiet: true }
mongodb+srv://vibhanshi2023cse_db_user:techno123@cluster0.lpxk8fa.mongodb.net/society-app
◇ injected env (0) from .env // tip: ◈ encrypted .env [www.dotenvx.com]
⏰ GDPR Privacy Cleanup worker successfully registered.
server is running on port 3000
MONGODB IS UP
🧹 GDPR Privacy Cleanup: Successfully anonymized 0 logs older than 30 days.
◇ injected env (10) from .env // tip: ⌘ custom filepath { path: '/custom/path/.env' }
mongodb+srv://vibhanshi2023cse_db_user:techno123@cluster0.lpxk8fa.mongodb.net/society-app
◇ injected env (0) from .env // tip: ⌁ auth for agents [www.vestauth.com]
⏰ GDPR Privacy Cleanup worker successfully registered.
server is running on port 3000
MONGODB IS UP
🧹 GDPR Privacy Cleanup: Successfully anonymized 0 logs older than 30 days.
◇ injected env (10) from .env // tip: ⌘ enable debugging { debug: true }
mongodb+srv://vibhanshi2023cse_db_user:techno123@cluster0.lpxk8fa.mongodb.net/society-app
◇ injected env (0) from .env // tip: ⌁ auth for agents [www.vestauth.com]
⏰ GDPR Privacy Cleanup worker successfully registered.
server is running on port 3000
MONGODB IS UP
🧹 GDPR Privacy Cleanup: Successfully anonymized 0 logs older than 30 days.
◇ injected env (10) from .env // tip: ⌘ suppress logs { quiet: true }
mongodb+srv://vibhanshi2023cse_db_user:techno123@cluster0.lpxk8fa.mongodb.net/society-app
◇ injected env (0) from .env // tip: ◈ secrets for agents [www.dotenvx.com]
⏰ GDPR Privacy Cleanup worker successfully registered.
server is running on port 3000
MONGODB IS UP
🧹 GDPR Privacy Cleanup: Successfully anonymized 0 logs older than 30 days.
◇ injected env (10) from .env // tip: ⌘ suppress logs { quiet: true }
mongodb+srv://vibhanshi2023cse_db_user:techno123@cluster0.lpxk8fa.mongodb.net/society-app
◇ injected env (0) from .env // tip: ⌘ custom filepath { path: '/custom/path/.env' }
⏰ GDPR Privacy Cleanup worker successfully registered.
server is running on port 3000
MONGODB IS UP
🧹 GDPR Privacy Cleanup: Successfully anonymized 0 logs older than 30 days.
◇ injected env (10) from .env // tip: ⌘ custom filepath { path: '/custom/path/.env' }
mongodb+srv://vibhanshi2023cse_db_user:techno123@cluster0.lpxk8fa.mongodb.net/society-app
◇ injected env (0) from .env // tip: ⌘ suppress logs { quiet: true }
⏰ GDPR Privacy Cleanup worker successfully registered.
server is running on port 3000
MONGODB IS UP
🧹 GDPR Privacy Cleanup: Successfully anonymized 0 logs older than 30 days.
◇ injected env (10) from .env // tip: ⌁ auth for agents [www.vestauth.com]
mongodb+srv://vibhanshi2023cse_db_user:techno123@cluster0.lpxk8fa.mongodb.net/society-app
◇ injected env (0) from .env // tip: ◈ encrypted .env [www.dotenvx.com]
⏰ GDPR Privacy Cleanup worker successfully registered.
server is running on port 3000
MONGODB IS UP
🧹 GDPR Privacy Cleanup: Successfully anonymized 0 logs older than 30 days.
◇ injected env (10) from .env // tip: ⌘ suppress logs { quiet: true }
mongodb+srv://vibhanshi2023cse_db_user:techno123@cluster0.lpxk8fa.mongodb.net/society-app
◇ injected env (0) from .env // tip: ⌘ multiple files { path: ['.env.local', '.env'] }
⏰ GDPR Privacy Cleanup worker successfully registered.
server is running on port 3000
MONGODB IS UP
🧹 GDPR Privacy Cleanup: Successfully anonymized 0 logs older than 30 days.
◇ injected env (10) from .env // tip: ⌘ multiple files { path: ['.env.local', '.env'] }
mongodb+srv://vibhanshi2023cse_db_user:techno123@cluster0.lpxk8fa.mongodb.net/society-app
◇ injected env (0) from .env // tip: ⌘ suppress logs { quiet: true }
⏰ GDPR Privacy Cleanup worker successfully registered.
server is running on port 3000
MONGODB IS UP
🧹 GDPR Privacy Cleanup: Successfully anonymized 0 logs older than 30 days.
◇ injected env (10) from .env // tip: ⌘ override existing { override: true }
mongodb+srv://vibhanshi2023cse_db_user:techno123@cluster0.lpxk8fa.mongodb.net/society-app
◇ injected env (0) from .env // tip: ⌁ auth for agents [www.vestauth.com]
⏰ GDPR Privacy Cleanup worker successfully registered.
server is running on port 3000
MONGODB IS UP
🧹 GDPR Privacy Cleanup: Successfully anonymized 0 logs older than 30 days.
◇ injected env (10) from .env // tip: ⌘ custom filepath { path: '/custom/path/.env' }
mongodb+srv://vibhanshi2023cse_db_user:techno123@cluster0.lpxk8fa.mongodb.net/society-app
◇ injected env (0) from .env // tip: ⌘ custom filepath { path: '/custom/path/.env' }
⏰ GDPR Privacy Cleanup worker successfully registered.
server is running on port 3000
MONGODB IS UP
🧹 GDPR Privacy Cleanup: Successfully anonymized 0 logs older than 30 days.
◇ injected env (10) from .env // tip: ⌘ multiple files { path: ['.env.local', '.env'] }
mongodb+srv://vibhanshi2023cse_db_user:techno123@cluster0.lpxk8fa.mongodb.net/society-app
◇ injected env (0) from .env // tip: ⌘ override existing { override: true }
⏰ GDPR Privacy Cleanup worker successfully registered.
server is running on port 3000
MONGODB IS UP
🧹 GDPR Privacy Cleanup: Successfully anonymized 0 logs older than 30 days.
◇ injected env (10) from .env // tip: ⌘ enable debugging { debug: true }
mongodb+srv://vibhanshi2023cse_db_user:techno123@cluster0.lpxk8fa.mongodb.net/society-app
◇ injected env (0) from .env // tip: ◈ secrets for agents [www.dotenvx.com]
⏰ GDPR Privacy Cleanup worker successfully registered.
server is running on port 3000
MONGODB IS UP
🧹 GDPR Privacy Cleanup: Successfully anonymized 0 logs older than 30 days.
◇ injected env (10) from .env // tip: ⌘ override existing { override: true }
mongodb+srv://vibhanshi2023cse_db_user:techno123@cluster0.lpxk8fa.mongodb.net/society-app
◇ injected env (0) from .env // tip: ⌁ auth for agents [www.vestauth.com]
⏰ GDPR Privacy Cleanup worker successfully registered.
server is running on port 3000
MONGODB IS UP
🧹 GDPR Privacy Cleanup: Successfully anonymized 0 logs older than 30 days.
◇ injected env (10) from .env // tip: ◈ encrypted .env [www.dotenvx.com]
mongodb+srv://vibhanshi2023cse_db_user:techno123@cluster0.lpxk8fa.mongodb.net/society-app
◇ injected env (0) from .env // tip: ◈ secrets for agents [www.dotenvx.com]
⏰ GDPR Privacy Cleanup worker successfully registered.
server is running on port 3000
MONGODB IS UP
🧹 GDPR Privacy Cleanup: Successfully anonymized 0 logs older than 30 days.
◇ injected env (10) from .env // tip: ◈ encrypted .env [www.dotenvx.com]
mongodb+srv://vibhanshi2023cse_db_user:techno123@cluster0.lpxk8fa.mongodb.net/society-app
◇ injected env (0) from .env // tip: ⌘ multiple files { path: ['.env.local', '.env'] }
⏰ GDPR Privacy Cleanup worker successfully registered.
server is running on port 3000
MONGODB IS UP
🧹 GDPR Privacy Cleanup: Successfully anonymized 0 logs older than 30 days.
◇ injected env (10) from .env // tip: ◈ secrets for agents [www.dotenvx.com]
mongodb+srv://vibhanshi2023cse_db_user:techno123@cluster0.lpxk8fa.mongodb.net/society-app
◇ injected env (0) from .env // tip: ⌘ custom filepath { path: '/custom/path/.env' }
⏰ GDPR Privacy Cleanup worker successfully registered.
server is running on port 3000
MONGODB IS UP
🧹 GDPR Privacy Cleanup: Successfully anonymized 0 logs older than 30 days.
◇ injected env (10) from .env // tip: ◈ secrets for agents [www.dotenvx.com]
mongodb+srv://vibhanshi2023cse_db_user:techno123@cluster0.lpxk8fa.mongodb.net/society-app
◇ injected env (0) from .env // tip: ◈ encrypted .env [www.dotenvx.com]
⏰ GDPR Privacy Cleanup worker successfully registered.
server is running on port 3000
MONGODB IS UP
🧹 GDPR Privacy Cleanup: Successfully anonymized 0 logs older than 30 days.
◇ injected env (10) from .env // tip: ⌘ enable debugging { debug: true }
mongodb+srv://vibhanshi2023cse_db_user:techno123@cluster0.lpxk8fa.mongodb.net/society-app
◇ injected env (0) from .env // tip: ⌘ enable debugging { debug: true }
⏰ GDPR Privacy Cleanup worker successfully registered.
server is running on port 3000
MONGODB IS UP
🧹 GDPR Privacy Cleanup: Successfully anonymized 0 logs older than 30 days.
◇ injected env (10) from .env // tip: ◈ secrets for agents [www.dotenvx.com]
mongodb+srv://vibhanshi2023cse_db_user:techno123@cluster0.lpxk8fa.mongodb.net/society-app
◇ injected env (0) from .env // tip: ⌘ enable debugging { debug: true }
⏰ GDPR Privacy Cleanup worker successfully registered.
server is running on port 3000
MONGODB IS UP
🧹 GDPR Privacy Cleanup: Successfully anonymized 0 logs older than 30 days.
◇ injected env (10) from .env // tip: ⌘ enable debugging { debug: true }
mongodb+srv://vibhanshi2023cse_db_user:techno123@cluster0.lpxk8fa.mongodb.net/society-app
◇ injected env (0) from .env // tip: ⌁ auth for agents [www.vestauth.com]
⏰ GDPR Privacy Cleanup worker successfully registered.
server is running on port 3000
MONGODB IS UP
🧹 GDPR Privacy Cleanup: Successfully anonymized 0 logs older than 30 days.
◇ injected env (10) from .env // tip: ⌘ override existing { override: true }
mongodb+srv://vibhanshi2023cse_db_user:techno123@cluster0.lpxk8fa.mongodb.net/society-app
◇ injected env (0) from .env // tip: ⌘ enable debugging { debug: true }
⏰ GDPR Privacy Cleanup worker successfully registered.
server is running on port 3000
MONGODB IS UP
🧹 GDPR Privacy Cleanup: Successfully anonymized 0 logs older than 30 days.
◇ injected env (10) from .env // tip: ⌁ auth for agents [www.vestauth.com]
mongodb+srv://vibhanshi2023cse_db_user:techno123@cluster0.lpxk8fa.mongodb.net/society-app
◇ injected env (0) from .env // tip: ◈ secrets for agents [www.dotenvx.com]
⏰ GDPR Privacy Cleanup worker successfully registered.
server is running on port 3000
MONGODB IS UP
🧹 GDPR Privacy Cleanup: Successfully anonymized 0 logs older than 30 days.
◇ injected env (10) from .env // tip: ⌘ multiple files { path: ['.env.local', '.env'] }
mongodb+srv://vibhanshi2023cse_db_user:techno123@cluster0.lpxk8fa.mongodb.net/society-app
◇ injected env (0) from .env // tip: ⌘ override existing { override: true }
⏰ GDPR Privacy Cleanup worker successfully registered.
server is running on port 3000
MONGODB IS UP
🧹 GDPR Privacy Cleanup: Successfully anonymized 0 logs older than 30 days.
◇ injected env (10) from .env // tip: ⌘ suppress logs { quiet: true }
mongodb+srv://vibhanshi2023cse_db_user:techno123@cluster0.lpxk8fa.mongodb.net/society-app
◇ injected env (0) from .env // tip: ◈ secrets for agents [www.dotenvx.com]
⏰ GDPR Privacy Cleanup worker successfully registered.
server is running on port 3000
MONGODB IS UP
🧹 GDPR Privacy Cleanup: Successfully anonymized 0 logs older than 30 days.
◇ injected env (10) from .env // tip: ⌘ multiple files { path: ['.env.local', '.env'] }
mongodb+srv://vibhanshi2023cse_db_user:techno123@cluster0.lpxk8fa.mongodb.net/society-app
◇ injected env (0) from .env // tip: ⌘ multiple files { path: ['.env.local', '.env'] }
⏰ GDPR Privacy Cleanup worker successfully registered.
server is running on port 3000
MONGODB IS UP
🧹 GDPR Privacy Cleanup: Successfully anonymized 0 logs older than 30 days.
◇ injected env (10) from .env // tip: ⌁ auth for agents [www.vestauth.com]
mongodb+srv://vibhanshi2023cse_db_user:techno123@cluster0.lpxk8fa.mongodb.net/society-app
◇ injected env (0) from .env // tip: ⌘ enable debugging { debug: true }
⏰ GDPR Privacy Cleanup worker successfully registered.
server is running on port 3000
MONGODB IS UP
🧹 GDPR Privacy Cleanup: Successfully anonymized 0 logs older than 30 days.
◇ injected env (10) from .env // tip: ◈ secrets for agents [www.dotenvx.com]
mongodb+srv://vibhanshi2023cse_db_user:techno123@cluster0.lpxk8fa.mongodb.net/society-app
◇ injected env (0) from .env // tip: ⌘ multiple files { path: ['.env.local', '.env'] }
⏰ GDPR Privacy Cleanup worker successfully registered.
server is running on port 3000
MONGODB IS UP
🧹 GDPR Privacy Cleanup: Successfully anonymized 0 logs older than 30 days.
◇ injected env (10) from .env // tip: ⌘ enable debugging { debug: true }
mongodb+srv://vibhanshi2023cse_db_user:techno123@cluster0.lpxk8fa.mongodb.net/society-app
◇ injected env (0) from .env // tip: ⌘ override existing { override: true }
⏰ GDPR Privacy Cleanup worker successfully registered.
server is running on port 3000
MONGODB IS UP
🧹 GDPR Privacy Cleanup: Successfully anonymized 0 logs older than 30 days.
◇ injected env (10) from .env // tip: ⌘ override existing { override: true }
mongodb+srv://vibhanshi2023cse_db_user:techno123@cluster0.lpxk8fa.mongodb.net/society-app
◇ injected env (0) from .env // tip: ⌘ multiple files { path: ['.env.local', '.env'] }
⏰ GDPR Privacy Cleanup worker successfully registered.
server is running on port 3000
MONGODB IS UP
🧹 GDPR Privacy Cleanup: Successfully anonymized 0 logs older than 30 days.
◇ injected env (10) from .env // tip: ◈ encrypted .env [www.dotenvx.com]
mongodb+srv://vibhanshi2023cse_db_user:techno123@cluster0.lpxk8fa.mongodb.net/society-app
◇ injected env (0) from .env // tip: ⌘ custom filepath { path: '/custom/path/.env' }
⏰ GDPR Privacy Cleanup worker successfully registered.
server is running on port 3000
MONGODB IS UP
🧹 GDPR Privacy Cleanup: Successfully anonymized 0 logs older than 30 days.
◇ injected env (10) from .env // tip: ⌘ multiple files { path: ['.env.local', '.env'] }
mongodb+srv://vibhanshi2023cse_db_user:techno123@cluster0.lpxk8fa.mongodb.net/society-app
◇ injected env (0) from .env // tip: ⌘ multiple files { path: ['.env.local', '.env'] }
⏰ GDPR Privacy Cleanup worker successfully registered.
server is running on port 3000
MONGODB IS UP
🧹 GDPR Privacy Cleanup: Successfully anonymized 0 logs older than 30 days.
◇ injected env (10) from .env // tip: ◈ encrypted .env [www.dotenvx.com]
mongodb+srv://vibhanshi2023cse_db_user:techno123@cluster0.lpxk8fa.mongodb.net/society-app
◇ injected env (0) from .env // tip: ◈ secrets for agents [www.dotenvx.com]
⏰ GDPR Privacy Cleanup worker successfully registered.
server is running on port 3000
MONGODB IS UP
🧹 GDPR Privacy Cleanup: Successfully anonymized 0 logs older than 30 days.
◇ injected env (10) from .env // tip: ⌘ custom filepath { path: '/custom/path/.env' }
mongodb+srv://vibhanshi2023cse_db_user:techno123@cluster0.lpxk8fa.mongodb.net/society-app
◇ injected env (0) from .env // tip: ⌘ custom filepath { path: '/custom/path/.env' }
⏰ GDPR Privacy Cleanup worker successfully registered.
server is running on port 3000
MONGODB IS UP
🧹 GDPR Privacy Cleanup: Successfully anonymized 0 logs older than 30 days.
◇ injected env (10) from .env // tip: ⌘ multiple files { path: ['.env.local', '.env'] }
mongodb+srv://vibhanshi2023cse_db_user:techno123@cluster0.lpxk8fa.mongodb.net/society-app
◇ injected env (0) from .env // tip: ⌘ custom filepath { path: '/custom/path/.env' }
⏰ GDPR Privacy Cleanup worker successfully registered.
server is running on port 3000
MONGODB IS UP
🧹 GDPR Privacy Cleanup: Successfully anonymized 0 logs older than 30 days.
◇ injected env (10) from .env // tip: ⌘ custom filepath { path: '/custom/path/.env' }
mongodb+srv://vibhanshi2023cse_db_user:techno123@cluster0.lpxk8fa.mongodb.net/society-app
◇ injected env (0) from .env // tip: ⌘ multiple files { path: ['.env.local', '.env'] }
⏰ GDPR Privacy Cleanup worker successfully registered.
server is running on port 3000
MONGODB IS UP
🧹 GDPR Privacy Cleanup: Successfully anonymized 0 logs older than 30 days.
◇ injected env (10) from .env // tip: ⌘ suppress logs { quiet: true }
mongodb+srv://vibhanshi2023cse_db_user:techno123@cluster0.lpxk8fa.mongodb.net/society-app
◇ injected env (0) from .env // tip: ◈ encrypted .env [www.dotenvx.com]
⏰ GDPR Privacy Cleanup worker successfully registered.
server is running on port 3000
MONGODB IS UP
🧹 GDPR Privacy Cleanup: Successfully anonymized 0 logs older than 30 days.
◇ injected env (10) from .env // tip: ⌁ auth for agents [www.vestauth.com]
mongodb+srv://vibhanshi2023cse_db_user:techno123@cluster0.lpxk8fa.mongodb.net/society-app
◇ injected env (0) from .env // tip: ◈ secrets for agents [www.dotenvx.com]
⏰ GDPR Privacy Cleanup worker successfully registered.
server is running on port 3000
MONGODB IS UP
🧹 GDPR Privacy Cleanup: Successfully anonymized 0 logs older than 30 days.
◇ injected env (10) from .env // tip: ◈ secrets for agents [www.dotenvx.com]
mongodb+srv://vibhanshi2023cse_db_user:techno123@cluster0.lpxk8fa.mongodb.net/society-app
◇ injected env (0) from .env // tip: ⌘ enable debugging { debug: true }
⏰ GDPR Privacy Cleanup worker successfully registered.
server is running on port 3000
MONGODB IS UP
🧹 GDPR Privacy Cleanup: Successfully anonymized 0 logs older than 30 days.
◇ injected env (10) from .env // tip: ⌁ auth for agents [www.vestauth.com]
mongodb+srv://vibhanshi2023cse_db_user:techno123@cluster0.lpxk8fa.mongodb.net/society-app
◇ injected env (0) from .env // tip: ⌘ multiple files { path: ['.env.local', '.env'] }
⏰ GDPR Privacy Cleanup worker successfully registered.
server is running on port 3000
MONGODB IS UP
🧹 GDPR Privacy Cleanup: Successfully anonymized 0 logs older than 30 days.
◇ injected env (10) from .env // tip: ⌘ custom filepath { path: '/custom/path/.env' }
mongodb+srv://vibhanshi2023cse_db_user:techno123@cluster0.lpxk8fa.mongodb.net/society-app
◇ injected env (0) from .env // tip: ◈ secrets for agents [www.dotenvx.com]
⏰ GDPR Privacy Cleanup worker successfully registered.
server is running on port 3000
MONGODB IS UP
🧹 GDPR Privacy Cleanup: Successfully anonymized 0 logs older than 30 days.
◇ injected env (10) from .env // tip: ⌁ auth for agents [www.vestauth.com]
mongodb+srv://vibhanshi2023cse_db_user:techno123@cluster0.lpxk8fa.mongodb.net/society-app
◇ injected env (0) from .env // tip: ◈ secrets for agents [www.dotenvx.com]
⏰ GDPR Privacy Cleanup worker successfully registered.
server is running on port 3000
MONGODB IS UP
🧹 GDPR Privacy Cleanup: Successfully anonymized 0 logs older than 30 days.
◇ injected env (10) from .env // tip: ⌘ multiple files { path: ['.env.local', '.env'] }
mongodb+srv://vibhanshi2023cse_db_user:techno123@cluster0.lpxk8fa.mongodb.net/society-app
◇ injected env (0) from .env // tip: ⌁ auth for agents [www.vestauth.com]
⏰ GDPR Privacy Cleanup worker successfully registered.
server is running on port 3000
MONGODB IS UP
🧹 GDPR Privacy Cleanup: Successfully anonymized 0 logs older than 30 days.
◇ injected env (10) from .env // tip: ◈ encrypted .env [www.dotenvx.com]
mongodb+srv://vibhanshi2023cse_db_user:techno123@cluster0.lpxk8fa.mongodb.net/society-app
◇ injected env (0) from .env // tip: ◈ encrypted .env [www.dotenvx.com]
⏰ GDPR Privacy Cleanup worker successfully registered.
server is running on port 3000
MONGODB IS UP
🧹 GDPR Privacy Cleanup: Successfully anonymized 0 logs older than 30 days.
◇ injected env (10) from .env // tip: ⌘ custom filepath { path: '/custom/path/.env' }
mongodb+srv://vibhanshi2023cse_db_user:techno123@cluster0.lpxk8fa.mongodb.net/society-app
◇ injected env (0) from .env // tip: ⌘ multiple files { path: ['.env.local', '.env'] }
⏰ GDPR Privacy Cleanup worker successfully registered.
server is running on port 3000
MONGODB IS UP
🧹 GDPR Privacy Cleanup: Successfully anonymized 0 logs older than 30 days.
◇ injected env (10) from .env // tip: ⌘ custom filepath { path: '/custom/path/.env' }
mongodb+srv://vibhanshi2023cse_db_user:techno123@cluster0.lpxk8fa.mongodb.net/society-app
◇ injected env (0) from .env // tip: ⌘ override existing { override: true }
⏰ GDPR Privacy Cleanup worker successfully registered.
server is running on port 3000
MONGODB IS UP
🧹 GDPR Privacy Cleanup: Successfully anonymized 0 logs older than 30 days.
◇ injected env (10) from .env // tip: ⌘ suppress logs { quiet: true }
mongodb+srv://vibhanshi2023cse_db_user:techno123@cluster0.lpxk8fa.mongodb.net/society-app
◇ injected env (0) from .env // tip: ⌁ auth for agents [www.vestauth.com]
⏰ GDPR Privacy Cleanup worker successfully registered.
server is running on port 3000
MONGODB IS UP
🧹 GDPR Privacy Cleanup: Successfully anonymized 0 logs older than 30 days.
◇ injected env (10) from .env // tip: ⌘ suppress logs { quiet: true }
mongodb+srv://vibhanshi2023cse_db_user:techno123@cluster0.lpxk8fa.mongodb.net/society-app
◇ injected env (0) from .env // tip: ⌁ auth for agents [www.vestauth.com]
⏰ GDPR Privacy Cleanup worker successfully registered.
server is running on port 3000
MONGODB IS UP
🧹 GDPR Privacy Cleanup: Successfully anonymized 0 logs older than 30 days.
◇ injected env (10) from .env // tip: ⌘ custom filepath { path: '/custom/path/.env' }
mongodb+srv://vibhanshi2023cse_db_user:techno123@cluster0.lpxk8fa.mongodb.net/society-app
◇ injected env (0) from .env // tip: ⌁ auth for agents [www.vestauth.com]
⏰ GDPR Privacy Cleanup worker successfully registered.
server is running on port 3000
MONGODB IS UP
🧹 GDPR Privacy Cleanup: Successfully anonymized 0 logs older than 30 days.
◇ injected env (10) from .env // tip: ⌘ multiple files { path: ['.env.local', '.env'] }
mongodb+srv://vibhanshi2023cse_db_user:techno123@cluster0.lpxk8fa.mongodb.net/society-app
◇ injected env (0) from .env // tip: ◈ secrets for agents [www.dotenvx.com]
⏰ GDPR Privacy Cleanup worker successfully registered.
server is running on port 3000
MONGODB IS UP
🧹 GDPR Privacy Cleanup: Successfully anonymized 0 logs older than 30 days.
◇ injected env (10) from .env // tip: ⌘ suppress logs { quiet: true }
mongodb+srv://vibhanshi2023cse_db_user:techno123@cluster0.lpxk8fa.mongodb.net/society-app
◇ injected env (0) from .env // tip: ⌘ custom filepath { path: '/custom/path/.env' }
⏰ GDPR Privacy Cleanup worker successfully registered.
server is running on port 3000
MONGODB IS UP
🧹 GDPR Privacy Cleanup: Successfully anonymized 0 logs older than 30 days.
◇ injected env (10) from .env // tip: ⌘ enable debugging { debug: true }
mongodb+srv://vibhanshi2023cse_db_user:techno123@cluster0.lpxk8fa.mongodb.net/society-app
◇ injected env (0) from .env // tip: ⌁ auth for agents [www.vestauth.com]
⏰ GDPR Privacy Cleanup worker successfully registered.
server is running on port 3000
MONGODB IS UP
🧹 GDPR Privacy Cleanup: Successfully anonymized 0 logs older than 30 days.
◇ injected env (10) from .env // tip: ⌘ custom filepath { path: '/custom/path/.env' }
mongodb+srv://vibhanshi2023cse_db_user:techno123@cluster0.lpxk8fa.mongodb.net/society-app
◇ injected env (0) from .env // tip: ⌘ custom filepath { path: '/custom/path/.env' }
⏰ GDPR Privacy Cleanup worker successfully registered.
server is running on port 3000
MONGODB IS UP
🧹 GDPR Privacy Cleanup: Successfully anonymized 0 logs older than 30 days.
◇ injected env (10) from .env // tip: ⌘ enable debugging { debug: true }
mongodb+srv://vibhanshi2023cse_db_user:techno123@cluster0.lpxk8fa.mongodb.net/society-app
◇ injected env (0) from .env // tip: ⌘ override existing { override: true }
⏰ GDPR Privacy Cleanup worker successfully registered.
server is running on port 3000
MONGODB IS UP
🧹 GDPR Privacy Cleanup: Successfully anonymized 0 logs older than 30 days.
◇ injected env (10) from .env // tip: ◈ encrypted .env [www.dotenvx.com]
mongodb+srv://vibhanshi2023cse_db_user:techno123@cluster0.lpxk8fa.mongodb.net/society-app
◇ injected env (0) from .env // tip: ◈ secrets for agents [www.dotenvx.com]
⏰ GDPR Privacy Cleanup worker successfully registered.
server is running on port 3000
MONGODB IS UP
🧹 GDPR Privacy Cleanup: Successfully anonymized 0 logs older than 30 days.
◇ injected env (10) from .env // tip: ⌘ override existing { override: true }
mongodb+srv://vibhanshi2023cse_db_user:techno123@cluster0.lpxk8fa.mongodb.net/society-app
◇ injected env (0) from .env // tip: ⌘ override existing { override: true }
⏰ GDPR Privacy Cleanup worker successfully registered.
server is running on port 3000
MONGODB IS UP
🧹 GDPR Privacy Cleanup: Successfully anonymized 0 logs older than 30 days.
◇ injected env (10) from .env // tip: ◈ encrypted .env [www.dotenvx.com]
mongodb+srv://vibhanshi2023cse_db_user:techno123@cluster0.lpxk8fa.mongodb.net/society-app
◇ injected env (0) from .env // tip: ◈ secrets for agents [www.dotenvx.com]
⏰ GDPR Privacy Cleanup worker successfully registered.
server is running on port 3000
MONGODB IS UP
🧹 GDPR Privacy Cleanup: Successfully anonymized 0 logs older than 30 days.
◇ injected env (10) from .env // tip: ⌘ multiple files { path: ['.env.local', '.env'] }
mongodb+srv://vibhanshi2023cse_db_user:techno123@cluster0.lpxk8fa.mongodb.net/society-app
◇ injected env (0) from .env // tip: ⌘ multiple files { path: ['.env.local', '.env'] }
⏰ GDPR Privacy Cleanup worker successfully registered.
server is running on port 3000
MONGODB IS UP
🧹 GDPR Privacy Cleanup: Successfully anonymized 0 logs older than 30 days.
◇ injected env (10) from .env // tip: ⌘ suppress logs { quiet: true }
mongodb+srv://vibhanshi2023cse_db_user:techno123@cluster0.lpxk8fa.mongodb.net/society-app
◇ injected env (0) from .env // tip: ⌁ auth for agents [www.vestauth.com]
⏰ GDPR Privacy Cleanup worker successfully registered.
server is running on port 3000
MONGODB IS UP
🧹 GDPR Privacy Cleanup: Successfully anonymized 0 logs older than 30 days.
◇ injected env (10) from .env // tip: ⌘ multiple files { path: ['.env.local', '.env'] }
mongodb+srv://vibhanshi2023cse_db_user:techno123@cluster0.lpxk8fa.mongodb.net/society-app
◇ injected env (0) from .env // tip: ⌘ multiple files { path: ['.env.local', '.env'] }
⏰ GDPR Privacy Cleanup worker successfully registered.
server is running on port 3000
MONGODB IS UP
🧹 GDPR Privacy Cleanup: Successfully anonymized 0 logs older than 30 days.
◇ injected env (10) from .env // tip: ◈ secrets for agents [www.dotenvx.com]
mongodb+srv://vibhanshi2023cse_db_user:techno123@cluster0.lpxk8fa.mongodb.net/society-app
◇ injected env (0) from .env // tip: ⌘ override existing { override: true }
⏰ GDPR Privacy Cleanup worker successfully registered.
server is running on port 3000
MONGODB IS UP
🧹 GDPR Privacy Cleanup: Successfully anonymized 0 logs older than 30 days.
◇ injected env (10) from .env // tip: ◈ secrets for agents [www.dotenvx.com]
mongodb+srv://vibhanshi2023cse_db_user:techno123@cluster0.lpxk8fa.mongodb.net/society-app
◇ injected env (0) from .env // tip: ⌘ override existing { override: true }
⏰ GDPR Privacy Cleanup worker successfully registered.
server is running on port 3000
MONGODB IS UP
🧹 GDPR Privacy Cleanup: Successfully anonymized 0 logs older than 30 days.
◇ injected env (10) from .env // tip: ⌘ override existing { override: true }
mongodb+srv://vibhanshi2023cse_db_user:techno123@cluster0.lpxk8fa.mongodb.net/society-app
◇ injected env (0) from .env // tip: ⌘ custom filepath { path: '/custom/path/.env' }
⏰ GDPR Privacy Cleanup worker successfully registered.
server is running on port 3000
MONGODB IS UP
🧹 GDPR Privacy Cleanup: Successfully anonymized 0 logs older than 30 days.
◇ injected env (10) from .env // tip: ⌘ multiple files { path: ['.env.local', '.env'] }
mongodb+srv://vibhanshi2023cse_db_user:techno123@cluster0.lpxk8fa.mongodb.net/society-app
◇ injected env (0) from .env // tip: ⌘ override existing { override: true }
⏰ GDPR Privacy Cleanup worker successfully registered.
server is running on port 3000
MONGODB IS UP
🧹 GDPR Privacy Cleanup: Successfully anonymized 0 logs older than 30 days.
◇ injected env (10) from .env // tip: ◈ encrypted .env [www.dotenvx.com]
mongodb+srv://vibhanshi2023cse_db_user:techno123@cluster0.lpxk8fa.mongodb.net/society-app
◇ injected env (0) from .env // tip: ⌁ auth for agents [www.vestauth.com]
⏰ GDPR Privacy Cleanup worker successfully registered.
server is running on port 3000
MONGODB IS UP
🧹 GDPR Privacy Cleanup: Successfully anonymized 0 logs older than 30 days.
◇ injected env (10) from .env // tip: ⌘ multiple files { path: ['.env.local', '.env'] }
mongodb+srv://vibhanshi2023cse_db_user:techno123@cluster0.lpxk8fa.mongodb.net/society-app
◇ injected env (0) from .env // tip: ⌘ override existing { override: true }
⏰ GDPR Privacy Cleanup worker successfully registered.
server is running on port 3000
MONGODB IS UP
🧹 GDPR Privacy Cleanup: Successfully anonymized 0 logs older than 30 days.
◇ injected env (10) from .env // tip: ⌘ suppress logs { quiet: true }
mongodb+srv://vibhanshi2023cse_db_user:techno123@cluster0.lpxk8fa.mongodb.net/society-app
◇ injected env (0) from .env // tip: ⌁ auth for agents [www.vestauth.com]
⏰ GDPR Privacy Cleanup worker successfully registered.
server is running on port 3000
MONGODB IS UP
🧹 GDPR Privacy Cleanup: Successfully anonymized 0 logs older than 30 days.
◇ injected env (10) from .env // tip: ◈ encrypted .env [www.dotenvx.com]
mongodb+srv://vibhanshi2023cse_db_user:techno123@cluster0.lpxk8fa.mongodb.net/society-app
◇ injected env (0) from .env // tip: ⌘ multiple files { path: ['.env.local', '.env'] }
⏰ GDPR Privacy Cleanup worker successfully registered.
server is running on port 3000
MONGODB IS UP
🧹 GDPR Privacy Cleanup: Successfully anonymized 0 logs older than 30 days.
◇ injected env (10) from .env // tip: ⌘ enable debugging { debug: true }
mongodb+srv://vibhanshi2023cse_db_user:techno123@cluster0.lpxk8fa.mongodb.net/society-app
◇ injected env (0) from .env // tip: ⌁ auth for agents [www.vestauth.com]
⏰ GDPR Privacy Cleanup worker successfully registered.
server is running on port 3000
MONGODB IS UP
🧹 GDPR Privacy Cleanup: Successfully anonymized 0 logs older than 30 days.
◇ injected env (10) from .env // tip: ⌘ custom filepath { path: '/custom/path/.env' }
mongodb+srv://vibhanshi2023cse_db_user:techno123@cluster0.lpxk8fa.mongodb.net/society-app
◇ injected env (0) from .env // tip: ⌘ multiple files { path: ['.env.local', '.env'] }
⏰ GDPR Privacy Cleanup worker successfully registered.
server is running on port 3000
MONGODB IS UP
🧹 GDPR Privacy Cleanup: Successfully anonymized 0 logs older than 30 days.
◇ injected env (10) from .env // tip: ⌘ enable debugging { debug: true }
mongodb+srv://vibhanshi2023cse_db_user:techno123@cluster0.lpxk8fa.mongodb.net/society-app
◇ injected env (0) from .env // tip: ⌁ auth for agents [www.vestauth.com]
⏰ GDPR Privacy Cleanup worker successfully registered.
server is running on port 3000
MONGODB IS UP
🧹 GDPR Privacy Cleanup: Successfully anonymized 0 logs older than 30 days.
◇ injected env (10) from .env // tip: ⌘ custom filepath { path: '/custom/path/.env' }
mongodb+srv://vibhanshi2023cse_db_user:techno123@cluster0.lpxk8fa.mongodb.net/society-app
◇ injected env (0) from .env // tip: ⌘ suppress logs { quiet: true }
⏰ GDPR Privacy Cleanup worker successfully registered.
server is running on port 3000
MONGODB IS UP
🧹 GDPR Privacy Cleanup: Successfully anonymized 0 logs older than 30 days.
◇ injected env (10) from .env // tip: ⌘ override existing { override: true }
mongodb+srv://vibhanshi2023cse_db_user:techno123@cluster0.lpxk8fa.mongodb.net/society-app
◇ injected env (0) from .env // tip: ⌘ override existing { override: true }
⏰ GDPR Privacy Cleanup worker successfully registered.
server is running on port 3000
MONGODB IS UP
🧹 GDPR Privacy Cleanup: Successfully anonymized 0 logs older than 30 days.
◇ injected env (10) from .env // tip: ⌘ override existing { override: true }
mongodb+srv://vibhanshi2023cse_db_user:techno123@cluster0.lpxk8fa.mongodb.net/society-app
◇ injected env (0) from .env // tip: ⌘ multiple files { path: ['.env.local', '.env'] }
⏰ GDPR Privacy Cleanup worker successfully registered.
server is running on port 3000
MONGODB IS UP
🧹 GDPR Privacy Cleanup: Successfully anonymized 0 logs older than 30 days.
◇ injected env (10) from .env // tip: ◈ secrets for agents [www.dotenvx.com]
mongodb+srv://vibhanshi2023cse_db_user:techno123@cluster0.lpxk8fa.mongodb.net/society-app
◇ injected env (0) from .env // tip: ⌘ custom filepath { path: '/custom/path/.env' }
⏰ GDPR Privacy Cleanup worker successfully registered.
server is running on port 3000
MONGODB IS UP
🧹 GDPR Privacy Cleanup: Successfully anonymized 0 logs older than 30 days.
◇ injected env (10) from .env // tip: ⌘ enable debugging { debug: true }
mongodb+srv://vibhanshi2023cse_db_user:techno123@cluster0.lpxk8fa.mongodb.net/society-app
◇ injected env (0) from .env // tip: ⌘ multiple files { path: ['.env.local', '.env'] }
⏰ GDPR Privacy Cleanup worker successfully registered.
server is running on port 3000
MONGODB IS UP
🧹 GDPR Privacy Cleanup: Successfully anonymized 0 logs older than 30 days.
◇ injected env (10) from .env // tip: ◈ secrets for agents [www.dotenvx.com]
mongodb+srv://vibhanshi2023cse_db_user:techno123@cluster0.lpxk8fa.mongodb.net/society-app
◇ injected env (0) from .env // tip: ⌘ custom filepath { path: '/custom/path/.env' }
⏰ GDPR Privacy Cleanup worker successfully registered.
server is running on port 3000
MONGODB IS UP
🧹 GDPR Privacy Cleanup: Successfully anonymized 0 logs older than 30 days.
◇ injected env (10) from .env // tip: ⌘ suppress logs { quiet: true }
mongodb+srv://vibhanshi2023cse_db_user:techno123@cluster0.lpxk8fa.mongodb.net/society-app
◇ injected env (0) from .env // tip: ⌘ suppress logs { quiet: true }
⏰ GDPR Privacy Cleanup worker successfully registered.
server is running on port 3000
MONGODB IS UP
🧹 GDPR Privacy Cleanup: Successfully anonymized 0 logs older than 30 days.
◇ injected env (10) from .env // tip: ◈ encrypted .env [www.dotenvx.com]
mongodb+srv://vibhanshi2023cse_db_user:techno123@cluster0.lpxk8fa.mongodb.net/society-app
◇ injected env (0) from .env // tip: ⌘ override existing { override: true }
⏰ GDPR Privacy Cleanup worker successfully registered.
server is running on port 3000
MONGODB IS UP
🧹 GDPR Privacy Cleanup: Successfully anonymized 0 logs older than 30 days.
◇ injected env (10) from .env // tip: ⌘ suppress logs { quiet: true }
mongodb+srv://vibhanshi2023cse_db_user:techno123@cluster0.lpxk8fa.mongodb.net/society-app
◇ injected env (0) from .env // tip: ⌘ multiple files { path: ['.env.local', '.env'] }
⏰ GDPR Privacy Cleanup worker successfully registered.
server is running on port 3000
MONGODB IS UP
🧹 GDPR Privacy Cleanup: Successfully anonymized 0 logs older than 30 days.
◇ injected env (10) from .env // tip: ⌘ suppress logs { quiet: true }
mongodb+srv://vibhanshi2023cse_db_user:techno123@cluster0.lpxk8fa.mongodb.net/society-app
◇ injected env (0) from .env // tip: ⌘ enable debugging { debug: true }
⏰ GDPR Privacy Cleanup worker successfully registered.
server is running on port 3000
MONGODB IS UP
🧹 GDPR Privacy Cleanup: Successfully anonymized 0 logs older than 30 days.
◇ injected env (10) from .env // tip: ⌁ auth for agents [www.vestauth.com]
mongodb+srv://vibhanshi2023cse_db_user:techno123@cluster0.lpxk8fa.mongodb.net/society-app
◇ injected env (0) from .env // tip: ⌁ auth for agents [www.vestauth.com]
⏰ GDPR Privacy Cleanup worker successfully registered.
server is running on port 3000
MONGODB IS UP
🧹 GDPR Privacy Cleanup: Successfully anonymized 0 logs older than 30 days.
◇ injected env (10) from .env // tip: ◈ encrypted .env [www.dotenvx.com]
mongodb+srv://vibhanshi2023cse_db_user:techno123@cluster0.lpxk8fa.mongodb.net/society-app
◇ injected env (0) from .env // tip: ⌘ enable debugging { debug: true }
⏰ GDPR Privacy Cleanup worker successfully registered.
server is running on port 3000
MONGODB IS UP
🧹 GDPR Privacy Cleanup: Successfully anonymized 0 logs older than 30 days.
◇ injected env (10) from .env // tip: ⌘ enable debugging { debug: true }
mongodb+srv://vibhanshi2023cse_db_user:techno123@cluster0.lpxk8fa.mongodb.net/society-app
◇ injected env (0) from .env // tip: ⌘ override existing { override: true }
⏰ GDPR Privacy Cleanup worker successfully registered.
server is running on port 3000
MONGODB IS UP
🧹 GDPR Privacy Cleanup: Successfully anonymized 0 logs older than 30 days.
◇ injected env (10) from .env // tip: ⌘ custom filepath { path: '/custom/path/.env' }
mongodb+srv://vibhanshi2023cse_db_user:techno123@cluster0.lpxk8fa.mongodb.net/society-app
◇ injected env (0) from .env // tip: ◈ secrets for agents [www.dotenvx.com]
⏰ GDPR Privacy Cleanup worker successfully registered.
server is running on port 3000
MONGODB IS UP
🧹 GDPR Privacy Cleanup: Successfully anonymized 0 logs older than 30 days.
◇ injected env (10) from .env // tip: ⌁ auth for agents [www.vestauth.com]
mongodb+srv://vibhanshi2023cse_db_user:techno123@cluster0.lpxk8fa.mongodb.net/society-app
◇ injected env (0) from .env // tip: ⌘ multiple files { path: ['.env.local', '.env'] }
⏰ GDPR Privacy Cleanup worker successfully registered.
server is running on port 3000
MONGODB IS UP
🧹 GDPR Privacy Cleanup: Successfully anonymized 0 logs older than 30 days.
◇ injected env (10) from .env // tip: ⌘ suppress logs { quiet: true }
mongodb+srv://vibhanshi2023cse_db_user:techno123@cluster0.lpxk8fa.mongodb.net/society-app
◇ injected env (0) from .env // tip: ⌘ suppress logs { quiet: true }
⏰ GDPR Privacy Cleanup worker successfully registered.
server is running on port 3000
MONGODB IS UP
🧹 GDPR Privacy Cleanup: Successfully anonymized 0 logs older than 30 days.
◇ injected env (10) from .env // tip: ⌘ suppress logs { quiet: true }
mongodb+srv://vibhanshi2023cse_db_user:techno123@cluster0.lpxk8fa.mongodb.net/society-app
◇ injected env (0) from .env // tip: ◈ encrypted .env [www.dotenvx.com]
⏰ GDPR Privacy Cleanup worker successfully registered.
server is running on port 3000
MONGODB IS UP
🧹 GDPR Privacy Cleanup: Successfully anonymized 0 logs older than 30 days.
◇ injected env (10) from .env // tip: ◈ encrypted .env [www.dotenvx.com]
mongodb+srv://vibhanshi2023cse_db_user:techno123@cluster0.lpxk8fa.mongodb.net/society-app
◇ injected env (0) from .env // tip: ⌘ override existing { override: true }
⏰ GDPR Privacy Cleanup worker successfully registered.
server is running on port 3000
MONGODB IS UP
🧹 GDPR Privacy Cleanup: Successfully anonymized 0 logs older than 30 days.
◇ injected env (10) from .env // tip: ◈ encrypted .env [www.dotenvx.com]
mongodb+srv://vibhanshi2023cse_db_user:techno123@cluster0.lpxk8fa.mongodb.net/society-app
◇ injected env (0) from .env // tip: ⌘ enable debugging { debug: true }
⏰ GDPR Privacy Cleanup worker successfully registered.
server is running on port 3000
MONGODB IS UP
🧹 GDPR Privacy Cleanup: Successfully anonymized 0 logs older than 30 days.
◇ injected env (10) from .env // tip: ⌘ multiple files { path: ['.env.local', '.env'] }
mongodb+srv://vibhanshi2023cse_db_user:techno123@cluster0.lpxk8fa.mongodb.net/society-app
◇ injected env (0) from .env // tip: ◈ encrypted .env [www.dotenvx.com]
⏰ GDPR Privacy Cleanup worker successfully registered.
server is running on port 3000
MONGODB IS UP
🧹 GDPR Privacy Cleanup: Successfully anonymized 0 logs older than 30 days.
◇ injected env (10) from .env // tip: ⌁ auth for agents [www.vestauth.com]
mongodb+srv://vibhanshi2023cse_db_user:techno123@cluster0.lpxk8fa.mongodb.net/society-app
◇ injected env (0) from .env // tip: ⌘ enable debugging { debug: true }
⏰ GDPR Privacy Cleanup worker successfully registered.
server is running on port 3000
MONGODB IS UP
🧹 GDPR Privacy Cleanup: Successfully anonymized 0 logs older than 30 days.
◇ injected env (10) from .env // tip: ⌘ custom filepath { path: '/custom/path/.env' }
mongodb+srv://vibhanshi2023cse_db_user:techno123@cluster0.lpxk8fa.mongodb.net/society-app
◇ injected env (0) from .env // tip: ⌘ suppress logs { quiet: true }
⏰ GDPR Privacy Cleanup worker successfully registered.
server is running on port 3000
MONGODB IS UP
🧹 GDPR Privacy Cleanup: Successfully anonymized 0 logs older than 30 days.
◇ injected env (10) from .env // tip: ⌘ suppress logs { quiet: true }
mongodb+srv://vibhanshi2023cse_db_user:techno123@cluster0.lpxk8fa.mongodb.net/society-app
◇ injected env (0) from .env // tip: ⌘ custom filepath { path: '/custom/path/.env' }
⏰ GDPR Privacy Cleanup worker successfully registered.
server is running on port 3000
MONGODB IS UP
🧹 GDPR Privacy Cleanup: Successfully anonymized 0 logs older than 30 days.
◇ injected env (10) from .env // tip: ⌘ override existing { override: true }
mongodb+srv://vibhanshi2023cse_db_user:techno123@cluster0.lpxk8fa.mongodb.net/society-app
◇ injected env (0) from .env // tip: ◈ encrypted .env [www.dotenvx.com]
⏰ GDPR Privacy Cleanup worker successfully registered.
server is running on port 3000
MONGODB IS UP
🧹 GDPR Privacy Cleanup: Successfully anonymized 0 logs older than 30 days.
◇ injected env (10) from .env // tip: ◈ encrypted .env [www.dotenvx.com]
mongodb+srv://vibhanshi2023cse_db_user:techno123@cluster0.lpxk8fa.mongodb.net/society-app
◇ injected env (0) from .env // tip: ⌘ override existing { override: true }
⏰ GDPR Privacy Cleanup worker successfully registered.
server is running on port 3000
MONGODB IS UP
🧹 GDPR Privacy Cleanup: Successfully anonymized 0 logs older than 30 days.
◇ injected env (10) from .env // tip: ⌘ enable debugging { debug: true }
mongodb+srv://vibhanshi2023cse_db_user:techno123@cluster0.lpxk8fa.mongodb.net/society-app
◇ injected env (0) from .env // tip: ⌘ enable debugging { debug: true }
⏰ GDPR Privacy Cleanup worker successfully registered.
server is running on port 3000
MONGODB IS UP
🧹 GDPR Privacy Cleanup: Successfully anonymized 0 logs older than 30 days.
◇ injected env (10) from .env // tip: ⌁ auth for agents [www.vestauth.com]
mongodb+srv://vibhanshi2023cse_db_user:techno123@cluster0.lpxk8fa.mongodb.net/society-app
◇ injected env (0) from .env // tip: ⌁ auth for agents [www.vestauth.com]
⏰ GDPR Privacy Cleanup worker successfully registered.
server is running on port 3000
MONGODB IS UP
🧹 GDPR Privacy Cleanup: Successfully anonymized 0 logs older than 30 days.
◇ injected env (10) from .env // tip: ⌘ enable debugging { debug: true }
mongodb+srv://vibhanshi2023cse_db_user:techno123@cluster0.lpxk8fa.mongodb.net/society-app
◇ injected env (0) from .env // tip: ⌘ suppress logs { quiet: true }
⏰ GDPR Privacy Cleanup worker successfully registered.
server is running on port 3000
MONGODB IS UP
🧹 GDPR Privacy Cleanup: Successfully anonymized 0 logs older than 30 days.
◇ injected env (10) from .env // tip: ⌁ auth for agents [www.vestauth.com]
mongodb+srv://vibhanshi2023cse_db_user:techno123@cluster0.lpxk8fa.mongodb.net/society-app
◇ injected env (0) from .env // tip: ⌘ override existing { override: true }
⏰ GDPR Privacy Cleanup worker successfully registered.
server is running on port 3000
MONGODB IS UP
🧹 GDPR Privacy Cleanup: Successfully anonymized 0 logs older than 30 days.
◇ injected env (10) from .env // tip: ⌘ override existing { override: true }
mongodb+srv://vibhanshi2023cse_db_user:techno123@cluster0.lpxk8fa.mongodb.net/society-app
◇ injected env (0) from .env // tip: ⌘ multiple files { path: ['.env.local', '.env'] }
⏰ GDPR Privacy Cleanup worker successfully registered.
server is running on port 3000
MONGODB IS UP
🧹 GDPR Privacy Cleanup: Successfully anonymized 0 logs older than 30 days.
◇ injected env (10) from .env // tip: ⌘ suppress logs { quiet: true }
mongodb+srv://vibhanshi2023cse_db_user:techno123@cluster0.lpxk8fa.mongodb.net/society-app
◇ injected env (0) from .env // tip: ⌘ enable debugging { debug: true }
⏰ GDPR Privacy Cleanup worker successfully registered.
server is running on port 3000
MONGODB IS UP
🧹 GDPR Privacy Cleanup: Successfully anonymized 0 logs older than 30 days.
◇ injected env (10) from .env // tip: ◈ secrets for agents [www.dotenvx.com]
mongodb+srv://vibhanshi2023cse_db_user:techno123@cluster0.lpxk8fa.mongodb.net/society-app
◇ injected env (0) from .env // tip: ⌘ override existing { override: true }
⏰ GDPR Privacy Cleanup worker successfully registered.
server is running on port 3000
MONGODB IS UP
🧹 GDPR Privacy Cleanup: Successfully anonymized 0 logs older than 30 days.
◇ injected env (10) from .env // tip: ⌁ auth for agents [www.vestauth.com]
mongodb+srv://vibhanshi2023cse_db_user:techno123@cluster0.lpxk8fa.mongodb.net/society-app
◇ injected env (0) from .env // tip: ⌘ override existing { override: true }
⏰ GDPR Privacy Cleanup worker successfully registered.
server is running on port 3000
MONGODB IS UP
🧹 GDPR Privacy Cleanup: Successfully anonymized 0 logs older than 30 days.
◇ injected env (10) from .env // tip: ⌁ auth for agents [www.vestauth.com]
mongodb+srv://vibhanshi2023cse_db_user:techno123@cluster0.lpxk8fa.mongodb.net/society-app
◇ injected env (0) from .env // tip: ◈ secrets for agents [www.dotenvx.com]
⏰ GDPR Privacy Cleanup worker successfully registered.
server is running on port 3000
MONGODB IS UP
🧹 GDPR Privacy Cleanup: Successfully anonymized 0 logs older than 30 days.
◇ injected env (10) from .env // tip: ◈ secrets for agents [www.dotenvx.com]
mongodb+srv://vibhanshi2023cse_db_user:techno123@cluster0.lpxk8fa.mongodb.net/society-app
◇ injected env (0) from .env // tip: ⌘ multiple files { path: ['.env.local', '.env'] }
⏰ GDPR Privacy Cleanup worker successfully registered.
server is running on port 3000
MONGODB IS UP
🧹 GDPR Privacy Cleanup: Successfully anonymized 0 logs older than 30 days.
◇ injected env (10) from .env // tip: ⌘ multiple files { path: ['.env.local', '.env'] }
mongodb+srv://vibhanshi2023cse_db_user:techno123@cluster0.lpxk8fa.mongodb.net/society-app
◇ injected env (0) from .env // tip: ◈ encrypted .env [www.dotenvx.com]
⏰ GDPR Privacy Cleanup worker successfully registered.
server is running on port 3000
MONGODB IS UP
🧹 GDPR Privacy Cleanup: Successfully anonymized 0 logs older than 30 days.
◇ injected env (10) from .env // tip: ⌘ custom filepath { path: '/custom/path/.env' }
mongodb+srv://vibhanshi2023cse_db_user:techno123@cluster0.lpxk8fa.mongodb.net/society-app
◇ injected env (0) from .env // tip: ⌘ multiple files { path: ['.env.local', '.env'] }
⏰ GDPR Privacy Cleanup worker successfully registered.
server is running on port 3000
MONGODB IS UP
🧹 GDPR Privacy Cleanup: Successfully anonymized 0 logs older than 30 days.
◇ injected env (10) from .env // tip: ⌘ suppress logs { quiet: true }
mongodb+srv://vibhanshi2023cse_db_user:techno123@cluster0.lpxk8fa.mongodb.net/society-app
◇ injected env (0) from .env // tip: ⌁ auth for agents [www.vestauth.com]
⏰ GDPR Privacy Cleanup worker successfully registered.
server is running on port 3000
MONGODB IS UP
🧹 GDPR Privacy Cleanup: Successfully anonymized 0 logs older than 30 days.
◇ injected env (10) from .env // tip: ◈ encrypted .env [www.dotenvx.com]
mongodb+srv://vibhanshi2023cse_db_user:techno123@cluster0.lpxk8fa.mongodb.net/society-app
◇ injected env (0) from .env // tip: ⌘ custom filepath { path: '/custom/path/.env' }
⏰ GDPR Privacy Cleanup worker successfully registered.
server is running on port 3000
MONGODB IS UP
🧹 GDPR Privacy Cleanup: Successfully anonymized 0 logs older than 30 days.
◇ injected env (10) from .env // tip: ⌘ enable debugging { debug: true }
mongodb+srv://vibhanshi2023cse_db_user:techno123@cluster0.lpxk8fa.mongodb.net/society-app
◇ injected env (0) from .env // tip: ⌘ suppress logs { quiet: true }
⏰ GDPR Privacy Cleanup worker successfully registered.
server is running on port 3000
MONGODB IS UP
🧹 GDPR Privacy Cleanup: Successfully anonymized 0 logs older than 30 days.
◇ injected env (10) from .env // tip: ⌘ enable debugging { debug: true }
mongodb+srv://vibhanshi2023cse_db_user:techno123@cluster0.lpxk8fa.mongodb.net/society-app
◇ injected env (0) from .env // tip: ⌁ auth for agents [www.vestauth.com]
⏰ GDPR Privacy Cleanup worker successfully registered.
server is running on port 3000
MONGODB IS UP
🧹 GDPR Privacy Cleanup: Successfully anonymized 0 logs older than 30 days.
Socket connected: VzCao_OBGIxz3PjrAAAB
Client connected: VzCao_OBGIxz3PjrAAAB
◇ injected env (10) from .env // tip: ⌘ multiple files { path: ['.env.local', '.env'] }
mongodb+srv://vibhanshi2023cse_db_user:techno123@cluster0.lpxk8fa.mongodb.net/society-app
◇ injected env (0) from .env // tip: ⌁ auth for agents [www.vestauth.com]
⏰ GDPR Privacy Cleanup worker successfully registered.
server is running on port 3000
Socket connected: Gf1AutAh7_0LxVtLAAAB
Client connected: Gf1AutAh7_0LxVtLAAAB
MONGODB IS UP
🧹 GDPR Privacy Cleanup: Successfully anonymized 0 logs older than 30 days.
{
  csrftoken: 'oF0PA7PN8PomvOy4Q3dhjafrJOIA61pp',
  GWSID: '99598E2859C441469E94E17073E930E0',
  AWSALBTG: 'gn7zqHVAi1L8YtQny3tBA20A0xACC7o0YK+ZMlcuRERXeYjjHiu+Z8PwAe2ztz+LLSgoTFpyoGZP0j+Isl56N0wa8Z6ZcCWNwuMq92MXvprwDPZxXw2u1syRXYjJmzVDq+X5+SVxNd6pmO4Qrm9qDtMtYtfkokTwkLJZ73/sKijRtCaka9k=',
  token: 'eyJhbGciOiJIUzI1NiIsInR5cCI6IkpXVCJ9.eyJpZCI6IjZhODQ5OTRmYzJiYjY0ZTM2OGYyYzE0MiIsInJvbGUiOiI2YTg0OTk0ZmMyYmI2NGUzNjhmMmMxNDEiLCJlbWFpbCI6InZpYmhhbnNoaTA5QGdtYWlsLmNvbSIsImlhdCI6MTc4NzE1ODUxOSwiZXhwIjoxNzg3NzYzMzE5fQ.lR8p25Ha1Db9k8E_s9hjjTP4AMfbqSpXxdDAnnCo6Zg'
}
◇ injected env (10) from .env // tip: ⌘ custom filepath { path: '/custom/path/.env' }
mongodb+srv://vibhanshi2023cse_db_user:techno123@cluster0.lpxk8fa.mongodb.net/society-app
◇ injected env (0) from .env // tip: ⌘ suppress logs { quiet: true }
⏰ GDPR Privacy Cleanup worker successfully registered.
server is running on port 3000
Socket connected: Yc0yjqV4yvE8Tmw0AAAB
Client connected: Yc0yjqV4yvE8Tmw0AAAB
MONGODB IS UP
🧹 GDPR Privacy Cleanup: Successfully anonymized 0 logs older than 30 days.
◇ injected env (10) from .env // tip: ◈ secrets for agents [www.dotenvx.com]
mongodb+srv://vibhanshi2023cse_db_user:techno123@cluster0.lpxk8fa.mongodb.net/society-app
◇ injected env (0) from .env // tip: ⌘ suppress logs { quiet: true }
⏰ GDPR Privacy Cleanup worker successfully registered.
server is running on port 3000
Socket connected: 8ZIzc1SC_JQvzrXRAAAB
Client connected: 8ZIzc1SC_JQvzrXRAAAB
MONGODB IS UP
🧹 GDPR Privacy Cleanup: Successfully anonymized 0 logs older than 30 days.
◇ injected env (10) from .env // tip: ⌘ enable debugging { debug: true }
mongodb+srv://vibhanshi2023cse_db_user:techno123@cluster0.lpxk8fa.mongodb.net/society-app
◇ injected env (0) from .env // tip: ⌘ custom filepath { path: '/custom/path/.env' }
⏰ GDPR Privacy Cleanup worker successfully registered.
server is running on port 3000
Socket connected: hJoJnfj0KPN4TOmhAAAB
Client connected: hJoJnfj0KPN4TOmhAAAB
MONGODB IS UP
🧹 GDPR Privacy Cleanup: Successfully anonymized 0 logs older than 30 days.
◇ injected env (10) from .env // tip: ⌘ multiple files { path: ['.env.local', '.env'] }
mongodb+srv://vibhanshi2023cse_db_user:techno123@cluster0.lpxk8fa.mongodb.net/society-app
◇ injected env (0) from .env // tip: ⌘ override existing { override: true }
⏰ GDPR Privacy Cleanup worker successfully registered.
server is running on port 3000
Socket connected: i5mgzOdrKTx-RCEoAAAB
Client connected: i5mgzOdrKTx-RCEoAAAB
MONGODB IS UP
🧹 GDPR Privacy Cleanup: Successfully anonymized 0 logs older than 30 days.
◇ injected env (10) from .env // tip: ◈ secrets for agents [www.dotenvx.com]
mongodb+srv://vibhanshi2023cse_db_user:techno123@cluster0.lpxk8fa.mongodb.net/society-app
◇ injected env (0) from .env // tip: ⌘ custom filepath { path: '/custom/path/.env' }
⏰ GDPR Privacy Cleanup worker successfully registered.
server is running on port 3000
MONGODB IS UP
🧹 GDPR Privacy Cleanup: Successfully anonymized 0 logs older than 30 days.
Socket connected: grbgLih8y5Ahioy3AAAB
Client connected: grbgLih8y5Ahioy3AAAB
◇ injected env (10) from .env // tip: ⌘ suppress logs { quiet: true }
mongodb+srv://vibhanshi2023cse_db_user:techno123@cluster0.lpxk8fa.mongodb.net/society-app
◇ injected env (0) from .env // tip: ⌘ override existing { override: true }
⏰ GDPR Privacy Cleanup worker successfully registered.
server is running on port 3000
Socket connected: KLiGhuQavyMKnfTsAAAB
Client connected: KLiGhuQavyMKnfTsAAAB
MONGODB IS UP
🧹 GDPR Privacy Cleanup: Successfully anonymized 0 logs older than 30 days.
◇ injected env (10) from .env // tip: ⌘ suppress logs { quiet: true }
mongodb+srv://vibhanshi2023cse_db_user:techno123@cluster0.lpxk8fa.mongodb.net/society-app
◇ injected env (0) from .env // tip: ⌁ auth for agents [www.vestauth.com]
⏰ GDPR Privacy Cleanup worker successfully registered.
server is running on port 3000
Socket connected: v8luS1rupJpzTlgYAAAB
Client connected: v8luS1rupJpzTlgYAAAB
MONGODB IS UP
🧹 GDPR Privacy Cleanup: Successfully anonymized 0 logs older than 30 days.
◇ injected env (10) from .env // tip: ◈ encrypted .env [www.dotenvx.com]
mongodb+srv://vibhanshi2023cse_db_user:techno123@cluster0.lpxk8fa.mongodb.net/society-app
◇ injected env (0) from .env // tip: ⌁ auth for agents [www.vestauth.com]
⏰ GDPR Privacy Cleanup worker successfully registered.
server is running on port 3000
Socket connected: Sy5XCFTUSXX7tVk0AAAB
Client connected: Sy5XCFTUSXX7tVk0AAAB
MONGODB IS UP
◇ injected env (10) from .env // tip: ◈ secrets for agents [www.dotenvx.com]
mongodb+srv://vibhanshi2023cse_db_user:techno123@cluster0.lpxk8fa.mongodb.net/society-app
◇ injected env (0) from .env // tip: ◈ secrets for agents [www.dotenvx.com]
⏰ GDPR Privacy Cleanup worker successfully registered.
server is running on port 3000
Socket connected: aehScwtql9AuZ23-AAAB
Client connected: aehScwtql9AuZ23-AAAB
MONGODB IS UP
🧹 GDPR Privacy Cleanup: Successfully anonymized 0 logs older than 30 days.
◇ injected env (10) from .env // tip: ◈ secrets for agents [www.dotenvx.com]
mongodb+srv://vibhanshi2023cse_db_user:techno123@cluster0.lpxk8fa.mongodb.net/society-app
◇ injected env (0) from .env // tip: ◈ encrypted .env [www.dotenvx.com]
⏰ GDPR Privacy Cleanup worker successfully registered.
server is running on port 3000
MONGODB IS UP
Socket connected: QryqltCbDwzMXG_tAAAB
Client connected: QryqltCbDwzMXG_tAAAB
🧹 GDPR Privacy Cleanup: Successfully anonymized 0 logs older than 30 days.
◇ injected env (10) from .env // tip: ◈ encrypted .env [www.dotenvx.com]
mongodb+srv://vibhanshi2023cse_db_user:techno123@cluster0.lpxk8fa.mongodb.net/society-app
◇ injected env (0) from .env // tip: ◈ secrets for agents [www.dotenvx.com]
⏰ GDPR Privacy Cleanup worker successfully registered.
server is running on port 3000
Socket connected: YRrJYIaFMjw6SoyYAAAB
Client connected: YRrJYIaFMjw6SoyYAAAB
MONGODB IS UP
🧹 GDPR Privacy Cleanup: Successfully anonymized 0 logs older than 30 days.
◇ injected env (10) from .env // tip: ⌘ suppress logs { quiet: true }
mongodb+srv://vibhanshi2023cse_db_user:techno123@cluster0.lpxk8fa.mongodb.net/society-app
◇ injected env (0) from .env // tip: ⌘ multiple files { path: ['.env.local', '.env'] }
⏰ GDPR Privacy Cleanup worker successfully registered.
server is running on port 3000
MONGODB IS UP
Socket connected: O3jfaD_vjTvE-nm2AAAB
Client connected: O3jfaD_vjTvE-nm2AAAB
🧹 GDPR Privacy Cleanup: Successfully anonymized 0 logs older than 30 days.
◇ injected env (10) from .env // tip: ◈ secrets for agents [www.dotenvx.com]
mongodb+srv://vibhanshi2023cse_db_user:techno123@cluster0.lpxk8fa.mongodb.net/society-app
◇ injected env (0) from .env // tip: ⌁ auth for agents [www.vestauth.com]
⏰ GDPR Privacy Cleanup worker successfully registered.
server is running on port 3000
Socket connected: 1GMcp3Mhfx4dTaLUAAAB
Client connected: 1GMcp3Mhfx4dTaLUAAAB
MONGODB IS UP
🧹 GDPR Privacy Cleanup: Successfully anonymized 0 logs older than 30 days.
◇ injected env (10) from .env // tip: ◈ secrets for agents [www.dotenvx.com]
mongodb+srv://vibhanshi2023cse_db_user:techno123@cluster0.lpxk8fa.mongodb.net/society-app
◇ injected env (0) from .env // tip: ◈ secrets for agents [www.dotenvx.com]
⏰ GDPR Privacy Cleanup worker successfully registered.
server is running on port 3000
Socket connected: kidEW1DK1WWqbAkjAAAB
Client connected: kidEW1DK1WWqbAkjAAAB
MONGODB IS UP
🧹 GDPR Privacy Cleanup: Successfully anonymized 0 logs older than 30 days.
◇ injected env (10) from .env // tip: ◈ secrets for agents [www.dotenvx.com]
mongodb+srv://vibhanshi2023cse_db_user:techno123@cluster0.lpxk8fa.mongodb.net/society-app
◇ injected env (0) from .env // tip: ⌘ custom filepath { path: '/custom/path/.env' }
⏰ GDPR Privacy Cleanup worker successfully registered.
server is running on port 3000
Socket connected: MqXrlCabsyFBWC-TAAAB
Client connected: MqXrlCabsyFBWC-TAAAB
MONGODB IS UP
🧹 GDPR Privacy Cleanup: Successfully anonymized 0 logs older than 30 days.
◇ injected env (10) from .env // tip: ⌘ multiple files { path: ['.env.local', '.env'] }
mongodb+srv://vibhanshi2023cse_db_user:techno123@cluster0.lpxk8fa.mongodb.net/society-app
◇ injected env (0) from .env // tip: ⌘ override existing { override: true }
⏰ GDPR Privacy Cleanup worker successfully registered.
server is running on port 3000
Socket connected: lCG-A3dPgMYHLmZ4AAAB
Client connected: lCG-A3dPgMYHLmZ4AAAB
MONGODB IS UP
🧹 GDPR Privacy Cleanup: Successfully anonymized 0 logs older than 30 days.
◇ injected env (10) from .env // tip: ◈ secrets for agents [www.dotenvx.com]
mongodb+srv://vibhanshi2023cse_db_user:techno123@cluster0.lpxk8fa.mongodb.net/society-app
◇ injected env (0) from .env // tip: ◈ encrypted .env [www.dotenvx.com]
⏰ GDPR Privacy Cleanup worker successfully registered.
server is running on port 3000
Socket connected: jfhGebKaveGDVvtIAAAB
Client connected: jfhGebKaveGDVvtIAAAB
MONGODB IS UP
🧹 GDPR Privacy Cleanup: Successfully anonymized 0 logs older than 30 days.
{
  token: 'eyJhbGciOiJIUzI1NiIsInR5cCI6IkpXVCJ9.eyJpZCI6IjZhODQ5OTRmYzJiYjY0ZTM2OGYyYzE0MiIsInJvbGUiOiI2YTg0OTk0ZmMyYmI2NGUzNjhmMmMxNDEiLCJlbWFpbCI6InZpYmhhbnNoaTA5QGdtYWlsLmNvbSIsImlhdCI6MTc4NzE1OTg0NywiZXhwIjoxNzg3NzY0NjQ3fQ.bG828RS61ppIsZQ_Z8rU9ZlqNdTYd8fB1P_j9253HKw'
}
◇ injected env (10) from .env // tip: ⌘ custom filepath { path: '/custom/path/.env' }
mongodb+srv://vibhanshi2023cse_db_user:techno123@cluster0.lpxk8fa.mongodb.net/society-app
◇ injected env (0) from .env // tip: ◈ encrypted .env [www.dotenvx.com]
⏰ GDPR Privacy Cleanup worker successfully registered.
server is running on port 3000
Socket connected: 4YilYEDMDzvBmc0JAAAB
Client connected: 4YilYEDMDzvBmc0JAAAB
MONGODB IS UP
🧹 GDPR Privacy Cleanup: Successfully anonymized 0 logs older than 30 days.
◇ injected env (10) from .env // tip: ⌘ override existing { override: true }
mongodb+srv://vibhanshi2023cse_db_user:techno123@cluster0.lpxk8fa.mongodb.net/society-app
◇ injected env (0) from .env // tip: ⌘ enable debugging { debug: true }
⏰ GDPR Privacy Cleanup worker successfully registered.
server is running on port 3000
Socket connected: ICX4Cl1VSg5QbdGeAAAB
Client connected: ICX4Cl1VSg5QbdGeAAAB
MONGODB IS UP
🧹 GDPR Privacy Cleanup: Successfully anonymized 0 logs older than 30 days.
◇ injected env (10) from .env // tip: ⌘ suppress logs { quiet: true }
mongodb+srv://vibhanshi2023cse_db_user:techno123@cluster0.lpxk8fa.mongodb.net/society-app
◇ injected env (0) from .env // tip: ⌘ custom filepath { path: '/custom/path/.env' }
⏰ GDPR Privacy Cleanup worker successfully registered.
server is running on port 3000
MONGODB IS UP
🧹 GDPR Privacy Cleanup: Successfully anonymized 0 logs older than 30 days.
◇ injected env (10) from .env // tip: ◈ encrypted .env [www.dotenvx.com]
mongodb+srv://vibhanshi2023cse_db_user:techno123@cluster0.lpxk8fa.mongodb.net/society-app
◇ injected env (0) from .env // tip: ⌘ multiple files { path: ['.env.local', '.env'] }
⏰ GDPR Privacy Cleanup worker successfully registered.
server is running on port 3000
MONGODB IS UP
🧹 GDPR Privacy Cleanup: Successfully anonymized 0 logs older than 30 days.
◇ injected env (10) from .env // tip: ⌘ suppress logs { quiet: true }
mongodb+srv://vibhanshi2023cse_db_user:techno123@cluster0.lpxk8fa.mongodb.net/society-app
◇ injected env (0) from .env // tip: ⌘ override existing { override: true }
⏰ GDPR Privacy Cleanup worker successfully registered.
server is running on port 3000
MONGODB IS UP
🧹 GDPR Privacy Cleanup: Successfully anonymized 0 logs older than 30 days.
◇ injected env (10) from .env // tip: ⌁ auth for agents [www.vestauth.com]
mongodb+srv://vibhanshi2023cse_db_user:techno123@cluster0.lpxk8fa.mongodb.net/society-app
◇ injected env (0) from .env // tip: ⌘ enable debugging { debug: true }
⏰ GDPR Privacy Cleanup worker successfully registered.
server is running on port 3000
MONGODB IS UP
🧹 GDPR Privacy Cleanup: Successfully anonymized 0 logs older than 30 days.
◇ injected env (10) from .env // tip: ⌘ multiple files { path: ['.env.local', '.env'] }
mongodb+srv://vibhanshi2023cse_db_user:techno123@cluster0.lpxk8fa.mongodb.net/society-app
◇ injected env (0) from .env // tip: ◈ encrypted .env [www.dotenvx.com]
⏰ GDPR Privacy Cleanup worker successfully registered.
server is running on port 3000
MONGODB IS UP
🧹 GDPR Privacy Cleanup: Successfully anonymized 0 logs older than 30 days.
◇ injected env (10) from .env // tip: ◈ secrets for agents [www.dotenvx.com]
mongodb+srv://vibhanshi2023cse_db_user:techno123@cluster0.lpxk8fa.mongodb.net/society-app
◇ injected env (0) from .env // tip: ⌘ suppress logs { quiet: true }
⏰ GDPR Privacy Cleanup worker successfully registered.
server is running on port 3000
MONGODB IS UP
🧹 GDPR Privacy Cleanup: Successfully anonymized 0 logs older than 30 days.
◇ injected env (10) from .env // tip: ⌘ multiple files { path: ['.env.local', '.env'] }
mongodb+srv://vibhanshi2023cse_db_user:techno123@cluster0.lpxk8fa.mongodb.net/society-app
◇ injected env (0) from .env // tip: ⌁ auth for agents [www.vestauth.com]
⏰ GDPR Privacy Cleanup worker successfully registered.
server is running on port 3000
MONGODB IS UP
🧹 GDPR Privacy Cleanup: Successfully anonymized 0 logs older than 30 days.
◇ injected env (10) from .env // tip: ◈ encrypted .env [www.dotenvx.com]
mongodb+srv://vibhanshi2023cse_db_user:techno123@cluster0.lpxk8fa.mongodb.net/society-app
◇ injected env (0) from .env // tip: ◈ encrypted .env [www.dotenvx.com]
⏰ GDPR Privacy Cleanup worker successfully registered.
server is running on port 3000
MONGODB IS UP
🧹 GDPR Privacy Cleanup: Successfully anonymized 0 logs older than 30 days.
◇ injected env (10) from .env // tip: ⌘ override existing { override: true }
mongodb+srv://vibhanshi2023cse_db_user:techno123@cluster0.lpxk8fa.mongodb.net/society-app
◇ injected env (0) from .env // tip: ◈ secrets for agents [www.dotenvx.com]
⏰ GDPR Privacy Cleanup worker successfully registered.
server is running on port 3000
MONGODB IS UP
🧹 GDPR Privacy Cleanup: Successfully anonymized 0 logs older than 30 days.
◇ injected env (10) from .env // tip: ⌘ suppress logs { quiet: true }
mongodb+srv://vibhanshi2023cse_db_user:techno123@cluster0.lpxk8fa.mongodb.net/society-app
◇ injected env (0) from .env // tip: ⌁ auth for agents [www.vestauth.com]
⏰ GDPR Privacy Cleanup worker successfully registered.
server is running on port 3000
MONGODB IS UP
🧹 GDPR Privacy Cleanup: Successfully anonymized 0 logs older than 30 days.
◇ injected env (10) from .env // tip: ⌘ suppress logs { quiet: true }
mongodb+srv://vibhanshi2023cse_db_user:techno123@cluster0.lpxk8fa.mongodb.net/society-app
◇ injected env (0) from .env // tip: ⌘ enable debugging { debug: true }
⏰ GDPR Privacy Cleanup worker successfully registered.
server is running on port 3000
MONGODB IS UP
🧹 GDPR Privacy Cleanup: Successfully anonymized 0 logs older than 30 days.
◇ injected env (10) from .env // tip: ◈ encrypted .env [www.dotenvx.com]
mongodb+srv://vibhanshi2023cse_db_user:techno123@cluster0.lpxk8fa.mongodb.net/society-app
◇ injected env (0) from .env // tip: ⌘ suppress logs { quiet: true }
⏰ GDPR Privacy Cleanup worker successfully registered.
server is running on port 3000
MONGODB IS UP
🧹 GDPR Privacy Cleanup: Successfully anonymized 0 logs older than 30 days.
◇ injected env (10) from .env // tip: ⌘ suppress logs { quiet: true }
mongodb+srv://vibhanshi2023cse_db_user:techno123@cluster0.lpxk8fa.mongodb.net/society-app
◇ injected env (0) from .env // tip: ◈ encrypted .env [www.dotenvx.com]
⏰ GDPR Privacy Cleanup worker successfully registered.
server is running on port 3000
MONGODB IS UP
🧹 GDPR Privacy Cleanup: Successfully anonymized 0 logs older than 30 days.
◇ injected env (10) from .env // tip: ◈ encrypted .env [www.dotenvx.com]
mongodb+srv://vibhanshi2023cse_db_user:techno123@cluster0.lpxk8fa.mongodb.net/society-app
◇ injected env (0) from .env // tip: ⌘ suppress logs { quiet: true }
⏰ GDPR Privacy Cleanup worker successfully registered.
server is running on port 3000
MONGODB IS UP
🧹 GDPR Privacy Cleanup: Successfully anonymized 0 logs older than 30 days.
◇ injected env (10) from .env // tip: ⌘ multiple files { path: ['.env.local', '.env'] }
mongodb+srv://vibhanshi2023cse_db_user:techno123@cluster0.lpxk8fa.mongodb.net/society-app
◇ injected env (0) from .env // tip: ⌘ suppress logs { quiet: true }
⏰ GDPR Privacy Cleanup worker successfully registered.
server is running on port 3000
MONGODB IS UP
🧹 GDPR Privacy Cleanup: Successfully anonymized 0 logs older than 30 days.
◇ injected env (10) from .env // tip: ◈ encrypted .env [www.dotenvx.com]
mongodb+srv://vibhanshi2023cse_db_user:techno123@cluster0.lpxk8fa.mongodb.net/society-app
◇ injected env (0) from .env // tip: ⌘ override existing { override: true }
⏰ GDPR Privacy Cleanup worker successfully registered.
server is running on port 3000
MONGODB IS UP
🧹 GDPR Privacy Cleanup: Successfully anonymized 0 logs older than 30 days.
◇ injected env (10) from .env // tip: ⌘ suppress logs { quiet: true }
mongodb+srv://vibhanshi2023cse_db_user:techno123@cluster0.lpxk8fa.mongodb.net/society-app
◇ injected env (0) from .env // tip: ⌁ auth for agents [www.vestauth.com]
⏰ GDPR Privacy Cleanup worker successfully registered.
server is running on port 3000
MONGODB IS UP
🧹 GDPR Privacy Cleanup: Successfully anonymized 0 logs older than 30 days.
◇ injected env (10) from .env // tip: ⌘ override existing { override: true }
mongodb+srv://vibhanshi2023cse_db_user:techno123@cluster0.lpxk8fa.mongodb.net/society-app
◇ injected env (0) from .env // tip: ⌘ enable debugging { debug: true }
⏰ GDPR Privacy Cleanup worker successfully registered.
server is running on port 3000
MONGODB IS UP
🧹 GDPR Privacy Cleanup: Successfully anonymized 0 logs older than 30 days.
◇ injected env (10) from .env // tip: ◈ encrypted .env [www.dotenvx.com]
mongodb+srv://vibhanshi2023cse_db_user:techno123@cluster0.lpxk8fa.mongodb.net/society-app
◇ injected env (0) from .env // tip: ⌁ auth for agents [www.vestauth.com]
⏰ GDPR Privacy Cleanup worker successfully registered.
server is running on port 3000
MONGODB IS UP
🧹 GDPR Privacy Cleanup: Successfully anonymized 0 logs older than 30 days.
◇ injected env (10) from .env // tip: ⌘ override existing { override: true }
mongodb+srv://vibhanshi2023cse_db_user:techno123@cluster0.lpxk8fa.mongodb.net/society-app
◇ injected env (0) from .env // tip: ⌘ multiple files { path: ['.env.local', '.env'] }
⏰ GDPR Privacy Cleanup worker successfully registered.
server is running on port 3000
MONGODB IS UP
🧹 GDPR Privacy Cleanup: Successfully anonymized 0 logs older than 30 days.
◇ injected env (10) from .env // tip: ⌘ custom filepath { path: '/custom/path/.env' }
mongodb+srv://vibhanshi2023cse_db_user:techno123@cluster0.lpxk8fa.mongodb.net/society-app
◇ injected env (0) from .env // tip: ⌘ override existing { override: true }
⏰ GDPR Privacy Cleanup worker successfully registered.
server is running on port 3000
MONGODB IS UP
🧹 GDPR Privacy Cleanup: Successfully anonymized 0 logs older than 30 days.
◇ injected env (10) from .env // tip: ⌁ auth for agents [www.vestauth.com]
mongodb+srv://vibhanshi2023cse_db_user:techno123@cluster0.lpxk8fa.mongodb.net/society-app
◇ injected env (0) from .env // tip: ◈ secrets for agents [www.dotenvx.com]
⏰ GDPR Privacy Cleanup worker successfully registered.
server is running on port 3000
MONGODB IS UP
🧹 GDPR Privacy Cleanup: Successfully anonymized 0 logs older than 30 days.
◇ injected env (10) from .env // tip: ⌁ auth for agents [www.vestauth.com]
mongodb+srv://vibhanshi2023cse_db_user:techno123@cluster0.lpxk8fa.mongodb.net/society-app
◇ injected env (0) from .env // tip: ⌘ custom filepath { path: '/custom/path/.env' }
⏰ GDPR Privacy Cleanup worker successfully registered.
server is running on port 3000
MONGODB IS UP
🧹 GDPR Privacy Cleanup: Successfully anonymized 0 logs older than 30 days.
◇ injected env (10) from .env // tip: ⌁ auth for agents [www.vestauth.com]
mongodb+srv://vibhanshi2023cse_db_user:techno123@cluster0.lpxk8fa.mongodb.net/society-app
◇ injected env (0) from .env // tip: ⌁ auth for agents [www.vestauth.com]
⏰ GDPR Privacy Cleanup worker successfully registered.
server is running on port 3000
MONGODB IS UP
🧹 GDPR Privacy Cleanup: Successfully anonymized 0 logs older than 30 days.
◇ injected env (10) from .env // tip: ◈ secrets for agents [www.dotenvx.com]
mongodb+srv://vibhanshi2023cse_db_user:techno123@cluster0.lpxk8fa.mongodb.net/society-app
◇ injected env (0) from .env // tip: ◈ encrypted .env [www.dotenvx.com]
⏰ GDPR Privacy Cleanup worker successfully registered.
server is running on port 3000
MONGODB IS UP
🧹 GDPR Privacy Cleanup: Successfully anonymized 0 logs older than 30 days.
◇ injected env (10) from .env // tip: ⌘ multiple files { path: ['.env.local', '.env'] }
mongodb+srv://vibhanshi2023cse_db_user:techno123@cluster0.lpxk8fa.mongodb.net/society-app
◇ injected env (0) from .env // tip: ◈ secrets for agents [www.dotenvx.com]
⏰ GDPR Privacy Cleanup worker successfully registered.
server is running on port 3000
MONGODB IS UP
🧹 GDPR Privacy Cleanup: Successfully anonymized 0 logs older than 30 days.
◇ injected env (10) from .env // tip: ◈ encrypted .env [www.dotenvx.com]
mongodb+srv://vibhanshi2023cse_db_user:techno123@cluster0.lpxk8fa.mongodb.net/society-app
◇ injected env (0) from .env // tip: ⌘ multiple files { path: ['.env.local', '.env'] }
⏰ GDPR Privacy Cleanup worker successfully registered.
server is running on port 3000
MONGODB IS UP
🧹 GDPR Privacy Cleanup: Successfully anonymized 0 logs older than 30 days.
◇ injected env (10) from .env // tip: ⌁ auth for agents [www.vestauth.com]
mongodb+srv://vibhanshi2023cse_db_user:techno123@cluster0.lpxk8fa.mongodb.net/society-app
◇ injected env (0) from .env // tip: ⌘ custom filepath { path: '/custom/path/.env' }
⏰ GDPR Privacy Cleanup worker successfully registered.
server is running on port 3000
MONGODB IS UP
🧹 GDPR Privacy Cleanup: Successfully anonymized 0 logs older than 30 days.
◇ injected env (10) from .env // tip: ⌘ override existing { override: true }
mongodb+srv://vibhanshi2023cse_db_user:techno123@cluster0.lpxk8fa.mongodb.net/society-app
◇ injected env (0) from .env // tip: ⌘ enable debugging { debug: true }
⏰ GDPR Privacy Cleanup worker successfully registered.
server is running on port 3000
MONGODB IS UP
🧹 GDPR Privacy Cleanup: Successfully anonymized 0 logs older than 30 days.
◇ injected env (10) from .env // tip: ⌘ custom filepath { path: '/custom/path/.env' }
mongodb+srv://vibhanshi2023cse_db_user:techno123@cluster0.lpxk8fa.mongodb.net/society-app
◇ injected env (0) from .env // tip: ⌘ enable debugging { debug: true }
⏰ GDPR Privacy Cleanup worker successfully registered.
server is running on port 3000
MONGODB IS UP
🧹 GDPR Privacy Cleanup: Successfully anonymized 0 logs older than 30 days.
◇ injected env (10) from .env // tip: ◈ encrypted .env [www.dotenvx.com]
mongodb+srv://vibhanshi2023cse_db_user:techno123@cluster0.lpxk8fa.mongodb.net/society-app
◇ injected env (0) from .env // tip: ◈ secrets for agents [www.dotenvx.com]
⏰ GDPR Privacy Cleanup worker successfully registered.
server is running on port 3000
MONGODB IS UP
🧹 GDPR Privacy Cleanup: Successfully anonymized 0 logs older than 30 days.
◇ injected env (10) from .env // tip: ⌘ override existing { override: true }
mongodb+srv://vibhanshi2023cse_db_user:techno123@cluster0.lpxk8fa.mongodb.net/society-app
◇ injected env (0) from .env // tip: ⌘ suppress logs { quiet: true }
⏰ GDPR Privacy Cleanup worker successfully registered.
server is running on port 3000
MONGODB IS UP
🧹 GDPR Privacy Cleanup: Successfully anonymized 0 logs older than 30 days.
◇ injected env (10) from .env // tip: ⌘ multiple files { path: ['.env.local', '.env'] }
mongodb+srv://vibhanshi2023cse_db_user:techno123@cluster0.lpxk8fa.mongodb.net/society-app
◇ injected env (0) from .env // tip: ⌘ suppress logs { quiet: true }
⏰ GDPR Privacy Cleanup worker successfully registered.
server is running on port 3000
MONGODB IS UP
🧹 GDPR Privacy Cleanup: Successfully anonymized 0 logs older than 30 days.
◇ injected env (10) from .env // tip: ◈ encrypted .env [www.dotenvx.com]
mongodb+srv://vibhanshi2023cse_db_user:techno123@cluster0.lpxk8fa.mongodb.net/society-app
◇ injected env (0) from .env // tip: ◈ encrypted .env [www.dotenvx.com]
⏰ GDPR Privacy Cleanup worker successfully registered.
server is running on port 3000
MONGODB IS UP
🧹 GDPR Privacy Cleanup: Successfully anonymized 0 logs older than 30 days.
◇ injected env (10) from .env // tip: ⌘ enable debugging { debug: true }
mongodb+srv://vibhanshi2023cse_db_user:techno123@cluster0.lpxk8fa.mongodb.net/society-app
◇ injected env (0) from .env // tip: ⌘ custom filepath { path: '/custom/path/.env' }
⏰ GDPR Privacy Cleanup worker successfully registered.
server is running on port 3000
MONGODB IS UP
🧹 GDPR Privacy Cleanup: Successfully anonymized 0 logs older than 30 days.
◇ injected env (10) from .env // tip: ⌘ override existing { override: true }
mongodb+srv://vibhanshi2023cse_db_user:techno123@cluster0.lpxk8fa.mongodb.net/society-app
◇ injected env (0) from .env // tip: ⌘ multiple files { path: ['.env.local', '.env'] }
⏰ GDPR Privacy Cleanup worker successfully registered.
server is running on port 3000
MONGODB IS UP
🧹 GDPR Privacy Cleanup: Successfully anonymized 0 logs older than 30 days.
◇ injected env (10) from .env // tip: ◈ secrets for agents [www.dotenvx.com]
mongodb+srv://vibhanshi2023cse_db_user:techno123@cluster0.lpxk8fa.mongodb.net/society-app
◇ injected env (0) from .env // tip: ⌘ multiple files { path: ['.env.local', '.env'] }
⏰ GDPR Privacy Cleanup worker successfully registered.
server is running on port 3000
MONGODB IS UP
🧹 GDPR Privacy Cleanup: Successfully anonymized 0 logs older than 30 days.
◇ injected env (10) from .env // tip: ⌁ auth for agents [www.vestauth.com]
mongodb+srv://vibhanshi2023cse_db_user:techno123@cluster0.lpxk8fa.mongodb.net/society-app
◇ injected env (0) from .env // tip: ⌁ auth for agents [www.vestauth.com]
⏰ GDPR Privacy Cleanup worker successfully registered.
server is running on port 3000
MONGODB IS UP
🧹 GDPR Privacy Cleanup: Successfully anonymized 0 logs older than 30 days.
◇ injected env (10) from .env // tip: ⌘ suppress logs { quiet: true }
mongodb+srv://vibhanshi2023cse_db_user:techno123@cluster0.lpxk8fa.mongodb.net/society-app
◇ injected env (0) from .env // tip: ⌁ auth for agents [www.vestauth.com]
⏰ GDPR Privacy Cleanup worker successfully registered.
server is running on port 3000
MONGODB IS UP
🧹 GDPR Privacy Cleanup: Successfully anonymized 0 logs older than 30 days.
◇ injected env (10) from .env // tip: ⌘ override existing { override: true }
mongodb+srv://vibhanshi2023cse_db_user:techno123@cluster0.lpxk8fa.mongodb.net/society-app
◇ injected env (0) from .env // tip: ⌘ override existing { override: true }
⏰ GDPR Privacy Cleanup worker successfully registered.
server is running on port 3000
MONGODB IS UP
🧹 GDPR Privacy Cleanup: Successfully anonymized 0 logs older than 30 days.
◇ injected env (10) from .env // tip: ⌘ enable debugging { debug: true }
mongodb+srv://vibhanshi2023cse_db_user:techno123@cluster0.lpxk8fa.mongodb.net/society-app
◇ injected env (0) from .env // tip: ⌘ override existing { override: true }
⏰ GDPR Privacy Cleanup worker successfully registered.
server is running on port 3000
MONGODB IS UP
🧹 GDPR Privacy Cleanup: Successfully anonymized 0 logs older than 30 days.
◇ injected env (10) from .env // tip: ⌘ custom filepath { path: '/custom/path/.env' }
mongodb+srv://vibhanshi2023cse_db_user:techno123@cluster0.lpxk8fa.mongodb.net/society-app
◇ injected env (0) from .env // tip: ◈ secrets for agents [www.dotenvx.com]
⏰ GDPR Privacy Cleanup worker successfully registered.
server is running on port 3000
MONGODB IS UP
🧹 GDPR Privacy Cleanup: Successfully anonymized 0 logs older than 30 days.
◇ injected env (10) from .env // tip: ⌁ auth for agents [www.vestauth.com]
mongodb+srv://vibhanshi2023cse_db_user:techno123@cluster0.lpxk8fa.mongodb.net/society-app
◇ injected env (0) from .env // tip: ◈ encrypted .env [www.dotenvx.com]
⏰ GDPR Privacy Cleanup worker successfully registered.
server is running on port 3000
MONGODB IS UP
🧹 GDPR Privacy Cleanup: Successfully anonymized 0 logs older than 30 days.
◇ injected env (10) from .env // tip: ⌘ multiple files { path: ['.env.local', '.env'] }
mongodb+srv://vibhanshi2023cse_db_user:techno123@cluster0.lpxk8fa.mongodb.net/society-app
◇ injected env (0) from .env // tip: ⌘ suppress logs { quiet: true }
⏰ GDPR Privacy Cleanup worker successfully registered.
server is running on port 3000
MONGODB IS UP
🧹 GDPR Privacy Cleanup: Successfully anonymized 0 logs older than 30 days.
◇ injected env (10) from .env // tip: ⌘ suppress logs { quiet: true }
mongodb+srv://vibhanshi2023cse_db_user:techno123@cluster0.lpxk8fa.mongodb.net/society-app
◇ injected env (0) from .env // tip: ⌘ multiple files { path: ['.env.local', '.env'] }
⏰ GDPR Privacy Cleanup worker successfully registered.
server is running on port 3000
MONGODB IS UP
🧹 GDPR Privacy Cleanup: Successfully anonymized 0 logs older than 30 days.
◇ injected env (10) from .env // tip: ⌘ enable debugging { debug: true }
mongodb+srv://vibhanshi2023cse_db_user:techno123@cluster0.lpxk8fa.mongodb.net/society-app
◇ injected env (0) from .env // tip: ⌘ override existing { override: true }
⏰ GDPR Privacy Cleanup worker successfully registered.
server is running on port 3000
MONGODB IS UP
🧹 GDPR Privacy Cleanup: Successfully anonymized 0 logs older than 30 days.
◇ injected env (10) from .env // tip: ⌘ enable debugging { debug: true }
mongodb+srv://vibhanshi2023cse_db_user:techno123@cluster0.lpxk8fa.mongodb.net/society-app
◇ injected env (0) from .env // tip: ⌁ auth for agents [www.vestauth.com]
⏰ GDPR Privacy Cleanup worker successfully registered.
server is running on port 3000
MONGODB IS UP
🧹 GDPR Privacy Cleanup: Successfully anonymized 0 logs older than 30 days.
◇ injected env (10) from .env // tip: ⌘ enable debugging { debug: true }
mongodb+srv://vibhanshi2023cse_db_user:techno123@cluster0.lpxk8fa.mongodb.net/society-app
◇ injected env (0) from .env // tip: ⌘ override existing { override: true }
⏰ GDPR Privacy Cleanup worker successfully registered.
server is running on port 3000
MONGODB IS UP
🧹 GDPR Privacy Cleanup: Successfully anonymized 0 logs older than 30 days.
◇ injected env (10) from .env // tip: ◈ secrets for agents [www.dotenvx.com]
mongodb+srv://vibhanshi2023cse_db_user:techno123@cluster0.lpxk8fa.mongodb.net/society-app
◇ injected env (0) from .env // tip: ⌘ enable debugging { debug: true }
⏰ GDPR Privacy Cleanup worker successfully registered.
server is running on port 3000
MONGODB IS UP
🧹 GDPR Privacy Cleanup: Successfully anonymized 0 logs older than 30 days.
◇ injected env (10) from .env // tip: ⌘ override existing { override: true }
mongodb+srv://vibhanshi2023cse_db_user:techno123@cluster0.lpxk8fa.mongodb.net/society-app
◇ injected env (0) from .env // tip: ⌘ enable debugging { debug: true }
⏰ GDPR Privacy Cleanup worker successfully registered.
server is running on port 3000
MONGODB IS UP
🧹 GDPR Privacy Cleanup: Successfully anonymized 0 logs older than 30 days.
◇ injected env (10) from .env // tip: ⌘ enable debugging { debug: true }
mongodb+srv://vibhanshi2023cse_db_user:techno123@cluster0.lpxk8fa.mongodb.net/society-app
◇ injected env (0) from .env // tip: ◈ encrypted .env [www.dotenvx.com]
⏰ GDPR Privacy Cleanup worker successfully registered.
server is running on port 3000
MONGODB IS UP
🧹 GDPR Privacy Cleanup: Successfully anonymized 0 logs older than 30 days.
◇ injected env (10) from .env // tip: ⌘ suppress logs { quiet: true }
mongodb+srv://vibhanshi2023cse_db_user:techno123@cluster0.lpxk8fa.mongodb.net/society-app
◇ injected env (0) from .env // tip: ⌘ enable debugging { debug: true }
⏰ GDPR Privacy Cleanup worker successfully registered.
server is running on port 3000
MONGODB IS UP
🧹 GDPR Privacy Cleanup: Successfully anonymized 0 logs older than 30 days.
◇ injected env (10) from .env // tip: ⌘ multiple files { path: ['.env.local', '.env'] }
mongodb+srv://vibhanshi2023cse_db_user:techno123@cluster0.lpxk8fa.mongodb.net/society-app
◇ injected env (0) from .env // tip: ⌘ override existing { override: true }
⏰ GDPR Privacy Cleanup worker successfully registered.
server is running on port 3000
MONGODB IS UP
🧹 GDPR Privacy Cleanup: Successfully anonymized 0 logs older than 30 days.
◇ injected env (10) from .env // tip: ◈ encrypted .env [www.dotenvx.com]
mongodb+srv://vibhanshi2023cse_db_user:techno123@cluster0.lpxk8fa.mongodb.net/society-app
◇ injected env (0) from .env // tip: ⌁ auth for agents [www.vestauth.com]
⏰ GDPR Privacy Cleanup worker successfully registered.
server is running on port 3000
MONGODB IS UP
🧹 GDPR Privacy Cleanup: Successfully anonymized 0 logs older than 30 days.
◇ injected env (10) from .env // tip: ◈ secrets for agents [www.dotenvx.com]
mongodb+srv://vibhanshi2023cse_db_user:techno123@cluster0.lpxk8fa.mongodb.net/society-app
◇ injected env (0) from .env // tip: ⌘ multiple files { path: ['.env.local', '.env'] }
⏰ GDPR Privacy Cleanup worker successfully registered.
server is running on port 3000
MONGODB IS UP
🧹 GDPR Privacy Cleanup: Successfully anonymized 0 logs older than 30 days.
◇ injected env (10) from .env // tip: ◈ secrets for agents [www.dotenvx.com]
mongodb+srv://vibhanshi2023cse_db_user:techno123@cluster0.lpxk8fa.mongodb.net/society-app
◇ injected env (0) from .env // tip: ◈ encrypted .env [www.dotenvx.com]
⏰ GDPR Privacy Cleanup worker successfully registered.
server is running on port 3000
MONGODB IS UP
🧹 GDPR Privacy Cleanup: Successfully anonymized 0 logs older than 30 days.
◇ injected env (10) from .env // tip: ⌘ suppress logs { quiet: true }
mongodb+srv://vibhanshi2023cse_db_user:techno123@cluster0.lpxk8fa.mongodb.net/society-app
◇ injected env (0) from .env // tip: ◈ secrets for agents [www.dotenvx.com]
⏰ GDPR Privacy Cleanup worker successfully registered.
server is running on port 3000
MONGODB IS UP
🧹 GDPR Privacy Cleanup: Successfully anonymized 0 logs older than 30 days.
◇ injected env (10) from .env // tip: ◈ secrets for agents [www.dotenvx.com]
mongodb+srv://vibhanshi2023cse_db_user:techno123@cluster0.lpxk8fa.mongodb.net/society-app
◇ injected env (0) from .env // tip: ◈ encrypted .env [www.dotenvx.com]
⏰ GDPR Privacy Cleanup worker successfully registered.
server is running on port 3000
MONGODB IS UP
🧹 GDPR Privacy Cleanup: Successfully anonymized 0 logs older than 30 days.
◇ injected env (10) from .env // tip: ⌘ enable debugging { debug: true }
mongodb+srv://vibhanshi2023cse_db_user:techno123@cluster0.lpxk8fa.mongodb.net/society-app
◇ injected env (0) from .env // tip: ⌘ suppress logs { quiet: true }
⏰ GDPR Privacy Cleanup worker successfully registered.
server is running on port 3000
MONGODB IS UP
🧹 GDPR Privacy Cleanup: Successfully anonymized 0 logs older than 30 days.
◇ injected env (10) from .env // tip: ◈ encrypted .env [www.dotenvx.com]
mongodb+srv://vibhanshi2023cse_db_user:techno123@cluster0.lpxk8fa.mongodb.net/society-app
◇ injected env (0) from .env // tip: ⌁ auth for agents [www.vestauth.com]
⏰ GDPR Privacy Cleanup worker successfully registered.
server is running on port 3000
MONGODB IS UP
🧹 GDPR Privacy Cleanup: Successfully anonymized 0 logs older than 30 days.
◇ injected env (10) from .env // tip: ⌁ auth for agents [www.vestauth.com]
mongodb+srv://vibhanshi2023cse_db_user:techno123@cluster0.lpxk8fa.mongodb.net/society-app
◇ injected env (0) from .env // tip: ◈ secrets for agents [www.dotenvx.com]
⏰ GDPR Privacy Cleanup worker successfully registered.
server is running on port 3000
MONGODB IS UP
🧹 GDPR Privacy Cleanup: Successfully anonymized 0 logs older than 30 days.
◇ injected env (10) from .env // tip: ◈ encrypted .env [www.dotenvx.com]
mongodb+srv://vibhanshi2023cse_db_user:techno123@cluster0.lpxk8fa.mongodb.net/society-app
◇ injected env (0) from .env // tip: ◈ encrypted .env [www.dotenvx.com]
⏰ GDPR Privacy Cleanup worker successfully registered.
server is running on port 3000
MONGODB IS UP
🧹 GDPR Privacy Cleanup: Successfully anonymized 0 logs older than 30 days.
◇ injected env (10) from .env // tip: ⌘ multiple files { path: ['.env.local', '.env'] }
mongodb+srv://vibhanshi2023cse_db_user:techno123@cluster0.lpxk8fa.mongodb.net/society-app
◇ injected env (0) from .env // tip: ◈ encrypted .env [www.dotenvx.com]
⏰ GDPR Privacy Cleanup worker successfully registered.
server is running on port 3000
MONGODB IS UP
🧹 GDPR Privacy Cleanup: Successfully anonymized 0 logs older than 30 days.
◇ injected env (10) from .env // tip: ◈ encrypted .env [www.dotenvx.com]
mongodb+srv://vibhanshi2023cse_db_user:techno123@cluster0.lpxk8fa.mongodb.net/society-app
◇ injected env (0) from .env // tip: ◈ secrets for agents [www.dotenvx.com]
⏰ GDPR Privacy Cleanup worker successfully registered.
server is running on port 3000
MONGODB IS UP
🧹 GDPR Privacy Cleanup: Successfully anonymized 0 logs older than 30 days.
◇ injected env (10) from .env // tip: ◈ encrypted .env [www.dotenvx.com]
mongodb+srv://vibhanshi2023cse_db_user:techno123@cluster0.lpxk8fa.mongodb.net/society-app
◇ injected env (0) from .env // tip: ⌘ multiple files { path: ['.env.local', '.env'] }
⏰ GDPR Privacy Cleanup worker successfully registered.
server is running on port 3000
MONGODB IS UP
🧹 GDPR Privacy Cleanup: Successfully anonymized 0 logs older than 30 days.
◇ injected env (10) from .env // tip: ◈ secrets for agents [www.dotenvx.com]
mongodb+srv://vibhanshi2023cse_db_user:techno123@cluster0.lpxk8fa.mongodb.net/society-app
◇ injected env (0) from .env // tip: ⌁ auth for agents [www.vestauth.com]
⏰ GDPR Privacy Cleanup worker successfully registered.
server is running on port 3000
MONGODB IS UP
🧹 GDPR Privacy Cleanup: Successfully anonymized 0 logs older than 30 days.
◇ injected env (10) from .env // tip: ⌘ override existing { override: true }
mongodb+srv://vibhanshi2023cse_db_user:techno123@cluster0.lpxk8fa.mongodb.net/society-app
◇ injected env (0) from .env // tip: ⌘ custom filepath { path: '/custom/path/.env' }
⏰ GDPR Privacy Cleanup worker successfully registered.
server is running on port 3000
MONGODB IS UP
🧹 GDPR Privacy Cleanup: Successfully anonymized 0 logs older than 30 days.
◇ injected env (10) from .env // tip: ⌘ suppress logs { quiet: true }
mongodb+srv://vibhanshi2023cse_db_user:techno123@cluster0.lpxk8fa.mongodb.net/society-app
◇ injected env (0) from .env // tip: ⌘ multiple files { path: ['.env.local', '.env'] }
⏰ GDPR Privacy Cleanup worker successfully registered.
server is running on port 3000
MONGODB IS UP
🧹 GDPR Privacy Cleanup: Successfully anonymized 0 logs older than 30 days.
◇ injected env (10) from .env // tip: ◈ secrets for agents [www.dotenvx.com]
mongodb+srv://vibhanshi2023cse_db_user:techno123@cluster0.lpxk8fa.mongodb.net/society-app
◇ injected env (0) from .env // tip: ◈ secrets for agents [www.dotenvx.com]
⏰ GDPR Privacy Cleanup worker successfully registered.
server is running on port 3000
MONGODB IS UP
🧹 GDPR Privacy Cleanup: Successfully anonymized 0 logs older than 30 days.
◇ injected env (10) from .env // tip: ⌘ custom filepath { path: '/custom/path/.env' }
mongodb+srv://vibhanshi2023cse_db_user:techno123@cluster0.lpxk8fa.mongodb.net/society-app
◇ injected env (0) from .env // tip: ⌘ suppress logs { quiet: true }
⏰ GDPR Privacy Cleanup worker successfully registered.
server is running on port 3000
MONGODB IS UP
🧹 GDPR Privacy Cleanup: Successfully anonymized 0 logs older than 30 days.
◇ injected env (10) from .env // tip: ⌁ auth for agents [www.vestauth.com]
mongodb+srv://vibhanshi2023cse_db_user:techno123@cluster0.lpxk8fa.mongodb.net/society-app
◇ injected env (0) from .env // tip: ◈ encrypted .env [www.dotenvx.com]
⏰ GDPR Privacy Cleanup worker successfully registered.
server is running on port 3000
MONGODB IS UP
🧹 GDPR Privacy Cleanup: Successfully anonymized 0 logs older than 30 days.
◇ injected env (10) from .env // tip: ◈ secrets for agents [www.dotenvx.com]
mongodb+srv://vibhanshi2023cse_db_user:techno123@cluster0.lpxk8fa.mongodb.net/society-app
◇ injected env (0) from .env // tip: ◈ encrypted .env [www.dotenvx.com]
⏰ GDPR Privacy Cleanup worker successfully registered.
server is running on port 3000
MONGODB IS UP
🧹 GDPR Privacy Cleanup: Successfully anonymized 0 logs older than 30 days.
◇ injected env (10) from .env // tip: ⌘ multiple files { path: ['.env.local', '.env'] }
mongodb+srv://vibhanshi2023cse_db_user:techno123@cluster0.lpxk8fa.mongodb.net/society-app
◇ injected env (0) from .env // tip: ⌁ auth for agents [www.vestauth.com]
⏰ GDPR Privacy Cleanup worker successfully registered.
server is running on port 3000
MONGODB IS UP
🧹 GDPR Privacy Cleanup: Successfully anonymized 0 logs older than 30 days.
◇ injected env (10) from .env // tip: ⌘ suppress logs { quiet: true }
mongodb+srv://vibhanshi2023cse_db_user:techno123@cluster0.lpxk8fa.mongodb.net/society-app
◇ injected env (0) from .env // tip: ⌘ suppress logs { quiet: true }
⏰ GDPR Privacy Cleanup worker successfully registered.
server is running on port 3000
MONGODB IS UP
🧹 GDPR Privacy Cleanup: Successfully anonymized 0 logs older than 30 days.
◇ injected env (10) from .env // tip: ⌘ override existing { override: true }
mongodb+srv://vibhanshi2023cse_db_user:techno123@cluster0.lpxk8fa.mongodb.net/society-app
◇ injected env (0) from .env // tip: ⌘ override existing { override: true }
⏰ GDPR Privacy Cleanup worker successfully registered.
server is running on port 3000
MONGODB IS UP
🧹 GDPR Privacy Cleanup: Successfully anonymized 0 logs older than 30 days.
◇ injected env (10) from .env // tip: ⌁ auth for agents [www.vestauth.com]
mongodb+srv://vibhanshi2023cse_db_user:techno123@cluster0.lpxk8fa.mongodb.net/society-app
◇ injected env (0) from .env // tip: ⌁ auth for agents [www.vestauth.com]
⏰ GDPR Privacy Cleanup worker successfully registered.
server is running on port 3000
MONGODB IS UP
🧹 GDPR Privacy Cleanup: Successfully anonymized 0 logs older than 30 days.
◇ injected env (10) from .env // tip: ⌘ custom filepath { path: '/custom/path/.env' }
mongodb+srv://vibhanshi2023cse_db_user:techno123@cluster0.lpxk8fa.mongodb.net/society-app
◇ injected env (0) from .env // tip: ⌁ auth for agents [www.vestauth.com]
⏰ GDPR Privacy Cleanup worker successfully registered.
server is running on port 3000
MONGODB IS UP
🧹 GDPR Privacy Cleanup: Successfully anonymized 0 logs older than 30 days.
◇ injected env (10) from .env // tip: ⌘ enable debugging { debug: true }
mongodb+srv://vibhanshi2023cse_db_user:techno123@cluster0.lpxk8fa.mongodb.net/society-app
◇ injected env (0) from .env // tip: ⌘ suppress logs { quiet: true }
⏰ GDPR Privacy Cleanup worker successfully registered.
server is running on port 3000
MONGODB IS UP
🧹 GDPR Privacy Cleanup: Successfully anonymized 0 logs older than 30 days.
◇ injected env (10) from .env // tip: ⌘ enable debugging { debug: true }
mongodb+srv://vibhanshi2023cse_db_user:techno123@cluster0.lpxk8fa.mongodb.net/society-app
◇ injected env (0) from .env // tip: ◈ secrets for agents [www.dotenvx.com]
⏰ GDPR Privacy Cleanup worker successfully registered.
server is running on port 3000
MONGODB IS UP
🧹 GDPR Privacy Cleanup: Successfully anonymized 0 logs older than 30 days.
◇ injected env (10) from .env // tip: ◈ encrypted .env [www.dotenvx.com]
mongodb+srv://vibhanshi2023cse_db_user:techno123@cluster0.lpxk8fa.mongodb.net/society-app
◇ injected env (0) from .env // tip: ◈ secrets for agents [www.dotenvx.com]
⏰ GDPR Privacy Cleanup worker successfully registered.
server is running on port 3000
MONGODB IS UP
🧹 GDPR Privacy Cleanup: Successfully anonymized 0 logs older than 30 days.
◇ injected env (10) from .env // tip: ◈ encrypted .env [www.dotenvx.com]
mongodb+srv://vibhanshi2023cse_db_user:techno123@cluster0.lpxk8fa.mongodb.net/society-app
◇ injected env (0) from .env // tip: ⌁ auth for agents [www.vestauth.com]
⏰ GDPR Privacy Cleanup worker successfully registered.
server is running on port 3000
MONGODB IS UP
🧹 GDPR Privacy Cleanup: Successfully anonymized 0 logs older than 30 days.
◇ injected env (10) from .env // tip: ◈ secrets for agents [www.dotenvx.com]
mongodb+srv://vibhanshi2023cse_db_user:techno123@cluster0.lpxk8fa.mongodb.net/society-app
◇ injected env (0) from .env // tip: ◈ secrets for agents [www.dotenvx.com]
⏰ GDPR Privacy Cleanup worker successfully registered.
server is running on port 3000
MONGODB IS UP
🧹 GDPR Privacy Cleanup: Successfully anonymized 0 logs older than 30 days.
◇ injected env (10) from .env // tip: ⌘ enable debugging { debug: true }
mongodb+srv://vibhanshi2023cse_db_user:techno123@cluster0.lpxk8fa.mongodb.net/society-app
◇ injected env (0) from .env // tip: ⌘ custom filepath { path: '/custom/path/.env' }
⏰ GDPR Privacy Cleanup worker successfully registered.
server is running on port 3000
MONGODB IS UP
🧹 GDPR Privacy Cleanup: Successfully anonymized 0 logs older than 30 days.
◇ injected env (10) from .env // tip: ◈ secrets for agents [www.dotenvx.com]
mongodb+srv://vibhanshi2023cse_db_user:techno123@cluster0.lpxk8fa.mongodb.net/society-app
◇ injected env (0) from .env // tip: ⌘ suppress logs { quiet: true }
⏰ GDPR Privacy Cleanup worker successfully registered.
server is running on port 3000
MONGODB IS UP
🧹 GDPR Privacy Cleanup: Successfully anonymized 0 logs older than 30 days.
◇ injected env (10) from .env // tip: ⌁ auth for agents [www.vestauth.com]
mongodb+srv://vibhanshi2023cse_db_user:techno123@cluster0.lpxk8fa.mongodb.net/society-app
◇ injected env (0) from .env // tip: ⌘ suppress logs { quiet: true }
⏰ GDPR Privacy Cleanup worker successfully registered.
server is running on port 3000
MONGODB IS UP
🧹 GDPR Privacy Cleanup: Successfully anonymized 0 logs older than 30 days.
◇ injected env (10) from .env // tip: ◈ secrets for agents [www.dotenvx.com]
mongodb+srv://vibhanshi2023cse_db_user:techno123@cluster0.lpxk8fa.mongodb.net/society-app
◇ injected env (0) from .env // tip: ⌘ suppress logs { quiet: true }
⏰ GDPR Privacy Cleanup worker successfully registered.
server is running on port 3000
MONGODB IS UP
🧹 GDPR Privacy Cleanup: Successfully anonymized 0 logs older than 30 days.
◇ injected env (10) from .env // tip: ◈ encrypted .env [www.dotenvx.com]
mongodb+srv://vibhanshi2023cse_db_user:techno123@cluster0.lpxk8fa.mongodb.net/society-app
◇ injected env (0) from .env // tip: ⌘ multiple files { path: ['.env.local', '.env'] }
⏰ GDPR Privacy Cleanup worker successfully registered.
server is running on port 3000
MONGODB IS UP
🧹 GDPR Privacy Cleanup: Successfully anonymized 0 logs older than 30 days.
◇ injected env (10) from .env // tip: ⌘ suppress logs { quiet: true }
mongodb+srv://vibhanshi2023cse_db_user:techno123@cluster0.lpxk8fa.mongodb.net/society-app
◇ injected env (0) from .env // tip: ⌘ custom filepath { path: '/custom/path/.env' }
⏰ GDPR Privacy Cleanup worker successfully registered.
server is running on port 3000
MONGODB IS UP
🧹 GDPR Privacy Cleanup: Successfully anonymized 0 logs older than 30 days.
◇ injected env (10) from .env // tip: ⌘ override existing { override: true }
mongodb+srv://vibhanshi2023cse_db_user:techno123@cluster0.lpxk8fa.mongodb.net/society-app
◇ injected env (0) from .env // tip: ⌘ custom filepath { path: '/custom/path/.env' }
⏰ GDPR Privacy Cleanup worker successfully registered.
server is running on port 3000
MONGODB IS UP
🧹 GDPR Privacy Cleanup: Successfully anonymized 0 logs older than 30 days.
◇ injected env (10) from .env // tip: ⌘ custom filepath { path: '/custom/path/.env' }
mongodb+srv://vibhanshi2023cse_db_user:techno123@cluster0.lpxk8fa.mongodb.net/society-app
◇ injected env (0) from .env // tip: ⌘ custom filepath { path: '/custom/path/.env' }
⏰ GDPR Privacy Cleanup worker successfully registered.
server is running on port 3000
MONGODB IS UP
🧹 GDPR Privacy Cleanup: Successfully anonymized 0 logs older than 30 days.
◇ injected env (10) from .env // tip: ⌁ auth for agents [www.vestauth.com]
mongodb+srv://vibhanshi2023cse_db_user:techno123@cluster0.lpxk8fa.mongodb.net/society-app
◇ injected env (0) from .env // tip: ⌘ custom filepath { path: '/custom/path/.env' }
⏰ GDPR Privacy Cleanup worker successfully registered.
server is running on port 3000
MONGODB IS UP
🧹 GDPR Privacy Cleanup: Successfully anonymized 0 logs older than 30 days.
◇ injected env (10) from .env // tip: ◈ secrets for agents [www.dotenvx.com]
mongodb+srv://vibhanshi2023cse_db_user:techno123@cluster0.lpxk8fa.mongodb.net/society-app
◇ injected env (0) from .env // tip: ⌘ enable debugging { debug: true }
⏰ GDPR Privacy Cleanup worker successfully registered.
server is running on port 3000
MONGODB IS UP
🧹 GDPR Privacy Cleanup: Successfully anonymized 0 logs older than 30 days.
◇ injected env (10) from .env // tip: ⌘ custom filepath { path: '/custom/path/.env' }
mongodb+srv://vibhanshi2023cse_db_user:techno123@cluster0.lpxk8fa.mongodb.net/society-app
◇ injected env (0) from .env // tip: ⌘ custom filepath { path: '/custom/path/.env' }
⏰ GDPR Privacy Cleanup worker successfully registered.
server is running on port 3000
MONGODB IS UP
🧹 GDPR Privacy Cleanup: Successfully anonymized 0 logs older than 30 days.
◇ injected env (10) from .env // tip: ⌁ auth for agents [www.vestauth.com]
mongodb+srv://vibhanshi2023cse_db_user:techno123@cluster0.lpxk8fa.mongodb.net/society-app
◇ injected env (0) from .env // tip: ⌘ enable debugging { debug: true }
⏰ GDPR Privacy Cleanup worker successfully registered.
server is running on port 3000
MONGODB IS UP
🧹 GDPR Privacy Cleanup: Successfully anonymized 0 logs older than 30 days.
◇ injected env (10) from .env // tip: ◈ encrypted .env [www.dotenvx.com]
mongodb+srv://vibhanshi2023cse_db_user:techno123@cluster0.lpxk8fa.mongodb.net/society-app
◇ injected env (0) from .env // tip: ◈ encrypted .env [www.dotenvx.com]
⏰ GDPR Privacy Cleanup worker successfully registered.
server is running on port 3000
MONGODB IS UP
🧹 GDPR Privacy Cleanup: Successfully anonymized 0 logs older than 30 days.
◇ injected env (10) from .env // tip: ⌘ multiple files { path: ['.env.local', '.env'] }
mongodb+srv://vibhanshi2023cse_db_user:techno123@cluster0.lpxk8fa.mongodb.net/society-app
◇ injected env (0) from .env // tip: ⌘ override existing { override: true }
⏰ GDPR Privacy Cleanup worker successfully registered.
server is running on port 3000
MONGODB IS UP
🧹 GDPR Privacy Cleanup: Successfully anonymized 0 logs older than 30 days.
◇ injected env (10) from .env // tip: ⌘ suppress logs { quiet: true }
mongodb+srv://vibhanshi2023cse_db_user:techno123@cluster0.lpxk8fa.mongodb.net/society-app
◇ injected env (0) from .env // tip: ⌁ auth for agents [www.vestauth.com]
⏰ GDPR Privacy Cleanup worker successfully registered.
server is running on port 3000
MONGODB IS UP
🧹 GDPR Privacy Cleanup: Successfully anonymized 0 logs older than 30 days.
◇ injected env (10) from .env // tip: ⌘ override existing { override: true }
mongodb+srv://vibhanshi2023cse_db_user:techno123@cluster0.lpxk8fa.mongodb.net/society-app
◇ injected env (0) from .env // tip: ⌁ auth for agents [www.vestauth.com]
⏰ GDPR Privacy Cleanup worker successfully registered.
server is running on port 3000
MONGODB IS UP
🧹 GDPR Privacy Cleanup: Successfully anonymized 0 logs older than 30 days.
◇ injected env (10) from .env // tip: ◈ secrets for agents [www.dotenvx.com]
mongodb+srv://vibhanshi2023cse_db_user:techno123@cluster0.lpxk8fa.mongodb.net/society-app
◇ injected env (0) from .env // tip: ⌘ override existing { override: true }
⏰ GDPR Privacy Cleanup worker successfully registered.
server is running on port 3000
MONGODB IS UP
🧹 GDPR Privacy Cleanup: Successfully anonymized 0 logs older than 30 days.
◇ injected env (10) from .env // tip: ⌘ override existing { override: true }
mongodb+srv://vibhanshi2023cse_db_user:techno123@cluster0.lpxk8fa.mongodb.net/society-app
◇ injected env (0) from .env // tip: ⌘ suppress logs { quiet: true }
⏰ GDPR Privacy Cleanup worker successfully registered.
server is running on port 3000
MONGODB IS UP
🧹 GDPR Privacy Cleanup: Successfully anonymized 0 logs older than 30 days.
◇ injected env (10) from .env // tip: ⌘ override existing { override: true }
mongodb+srv://vibhanshi2023cse_db_user:techno123@cluster0.lpxk8fa.mongodb.net/society-app
◇ injected env (0) from .env // tip: ⌘ suppress logs { quiet: true }
⏰ GDPR Privacy Cleanup worker successfully registered.
server is running on port 3000
MONGODB IS UP
🧹 GDPR Privacy Cleanup: Successfully anonymized 0 logs older than 30 days.
◇ injected env (10) from .env // tip: ◈ encrypted .env [www.dotenvx.com]
mongodb+srv://vibhanshi2023cse_db_user:techno123@cluster0.lpxk8fa.mongodb.net/society-app
◇ injected env (0) from .env // tip: ◈ secrets for agents [www.dotenvx.com]
⏰ GDPR Privacy Cleanup worker successfully registered.
server is running on port 3000
MONGODB IS UP
🧹 GDPR Privacy Cleanup: Successfully anonymized 0 logs older than 30 days.
◇ injected env (10) from .env // tip: ⌘ enable debugging { debug: true }
mongodb+srv://vibhanshi2023cse_db_user:techno123@cluster0.lpxk8fa.mongodb.net/society-app
◇ injected env (0) from .env // tip: ⌘ multiple files { path: ['.env.local', '.env'] }
⏰ GDPR Privacy Cleanup worker successfully registered.
server is running on port 3000
MONGODB IS UP
🧹 GDPR Privacy Cleanup: Successfully anonymized 0 logs older than 30 days.
◇ injected env (10) from .env // tip: ⌘ override existing { override: true }
mongodb+srv://vibhanshi2023cse_db_user:techno123@cluster0.lpxk8fa.mongodb.net/society-app
◇ injected env (0) from .env // tip: ⌘ suppress logs { quiet: true }
⏰ GDPR Privacy Cleanup worker successfully registered.
server is running on port 3000
MONGODB IS UP
🧹 GDPR Privacy Cleanup: Successfully anonymized 0 logs older than 30 days.
◇ injected env (10) from .env // tip: ⌘ enable debugging { debug: true }
mongodb+srv://vibhanshi2023cse_db_user:techno123@cluster0.lpxk8fa.mongodb.net/society-app
◇ injected env (0) from .env // tip: ⌁ auth for agents [www.vestauth.com]
⏰ GDPR Privacy Cleanup worker successfully registered.
server is running on port 3000
MONGODB IS UP
🧹 GDPR Privacy Cleanup: Successfully anonymized 0 logs older than 30 days.
◇ injected env (10) from .env // tip: ⌘ custom filepath { path: '/custom/path/.env' }
mongodb+srv://vibhanshi2023cse_db_user:techno123@cluster0.lpxk8fa.mongodb.net/society-app
◇ injected env (0) from .env // tip: ⌘ multiple files { path: ['.env.local', '.env'] }
⏰ GDPR Privacy Cleanup worker successfully registered.
server is running on port 3000
MONGODB IS UP
🧹 GDPR Privacy Cleanup: Successfully anonymized 0 logs older than 30 days.
◇ injected env (10) from .env // tip: ⌘ override existing { override: true }
mongodb+srv://vibhanshi2023cse_db_user:techno123@cluster0.lpxk8fa.mongodb.net/society-app
◇ injected env (0) from .env // tip: ⌘ custom filepath { path: '/custom/path/.env' }
⏰ GDPR Privacy Cleanup worker successfully registered.
server is running on port 3000
MONGODB IS UP
🧹 GDPR Privacy Cleanup: Successfully anonymized 0 logs older than 30 days.
◇ injected env (10) from .env // tip: ⌘ custom filepath { path: '/custom/path/.env' }
mongodb+srv://vibhanshi2023cse_db_user:techno123@cluster0.lpxk8fa.mongodb.net/society-app
◇ injected env (0) from .env // tip: ◈ secrets for agents [www.dotenvx.com]
⏰ GDPR Privacy Cleanup worker successfully registered.
server is running on port 3000
MONGODB IS UP
🧹 GDPR Privacy Cleanup: Successfully anonymized 0 logs older than 30 days.
◇ injected env (10) from .env // tip: ◈ encrypted .env [www.dotenvx.com]
mongodb+srv://vibhanshi2023cse_db_user:techno123@cluster0.lpxk8fa.mongodb.net/society-app
◇ injected env (0) from .env // tip: ⌘ override existing { override: true }
⏰ GDPR Privacy Cleanup worker successfully registered.
server is running on port 3000
MONGODB IS UP
🧹 GDPR Privacy Cleanup: Successfully anonymized 0 logs older than 30 days.
◇ injected env (10) from .env // tip: ⌘ suppress logs { quiet: true }
mongodb+srv://vibhanshi2023cse_db_user:techno123@cluster0.lpxk8fa.mongodb.net/society-app
◇ injected env (0) from .env // tip: ◈ encrypted .env [www.dotenvx.com]
⏰ GDPR Privacy Cleanup worker successfully registered.
server is running on port 3000
MONGODB IS UP
🧹 GDPR Privacy Cleanup: Successfully anonymized 0 logs older than 30 days.
◇ injected env (10) from .env // tip: ⌘ enable debugging { debug: true }
mongodb+srv://vibhanshi2023cse_db_user:techno123@cluster0.lpxk8fa.mongodb.net/society-app
◇ injected env (0) from .env // tip: ◈ encrypted .env [www.dotenvx.com]
⏰ GDPR Privacy Cleanup worker successfully registered.
server is running on port 3000
MONGODB IS UP
🧹 GDPR Privacy Cleanup: Successfully anonymized 0 logs older than 30 days.
◇ injected env (10) from .env // tip: ⌘ multiple files { path: ['.env.local', '.env'] }
mongodb+srv://vibhanshi2023cse_db_user:techno123@cluster0.lpxk8fa.mongodb.net/society-app
◇ injected env (0) from .env // tip: ⌁ auth for agents [www.vestauth.com]
⏰ GDPR Privacy Cleanup worker successfully registered.
server is running on port 3000
MONGODB IS UP
🧹 GDPR Privacy Cleanup: Successfully anonymized 0 logs older than 30 days.
◇ injected env (10) from .env // tip: ◈ secrets for agents [www.dotenvx.com]
mongodb+srv://vibhanshi2023cse_db_user:techno123@cluster0.lpxk8fa.mongodb.net/society-app
◇ injected env (0) from .env // tip: ⌘ suppress logs { quiet: true }
⏰ GDPR Privacy Cleanup worker successfully registered.
server is running on port 3000
MONGODB IS UP
🧹 GDPR Privacy Cleanup: Successfully anonymized 0 logs older than 30 days.
◇ injected env (10) from .env // tip: ◈ encrypted .env [www.dotenvx.com]
mongodb+srv://vibhanshi2023cse_db_user:techno123@cluster0.lpxk8fa.mongodb.net/society-app
◇ injected env (0) from .env // tip: ⌘ custom filepath { path: '/custom/path/.env' }
⏰ GDPR Privacy Cleanup worker successfully registered.
server is running on port 3000
MONGODB IS UP
🧹 GDPR Privacy Cleanup: Successfully anonymized 0 logs older than 30 days.
◇ injected env (10) from .env // tip: ⌘ override existing { override: true }
mongodb+srv://vibhanshi2023cse_db_user:techno123@cluster0.lpxk8fa.mongodb.net/society-app
◇ injected env (0) from .env // tip: ◈ encrypted .env [www.dotenvx.com]
⏰ GDPR Privacy Cleanup worker successfully registered.
server is running on port 3000
MONGODB IS UP
🧹 GDPR Privacy Cleanup: Successfully anonymized 0 logs older than 30 days.
◇ injected env (10) from .env // tip: ⌘ override existing { override: true }
mongodb+srv://vibhanshi2023cse_db_user:techno123@cluster0.lpxk8fa.mongodb.net/society-app
◇ injected env (0) from .env // tip: ⌁ auth for agents [www.vestauth.com]
⏰ GDPR Privacy Cleanup worker successfully registered.
server is running on port 3000
MONGODB IS UP
🧹 GDPR Privacy Cleanup: Successfully anonymized 0 logs older than 30 days.
◇ injected env (10) from .env // tip: ⌘ suppress logs { quiet: true }
mongodb+srv://vibhanshi2023cse_db_user:techno123@cluster0.lpxk8fa.mongodb.net/society-app
◇ injected env (0) from .env // tip: ⌘ override existing { override: true }
⏰ GDPR Privacy Cleanup worker successfully registered.
server is running on port 3000
MONGODB IS UP
🧹 GDPR Privacy Cleanup: Successfully anonymized 0 logs older than 30 days.
◇ injected env (10) from .env // tip: ⌁ auth for agents [www.vestauth.com]
mongodb+srv://vibhanshi2023cse_db_user:techno123@cluster0.lpxk8fa.mongodb.net/society-app
◇ injected env (0) from .env // tip: ◈ secrets for agents [www.dotenvx.com]
⏰ GDPR Privacy Cleanup worker successfully registered.
server is running on port 3000
MONGODB IS UP
🧹 GDPR Privacy Cleanup: Successfully anonymized 0 logs older than 30 days.
◇ injected env (10) from .env // tip: ⌘ suppress logs { quiet: true }
mongodb+srv://vibhanshi2023cse_db_user:techno123@cluster0.lpxk8fa.mongodb.net/society-app
◇ injected env (0) from .env // tip: ⌘ multiple files { path: ['.env.local', '.env'] }
⏰ GDPR Privacy Cleanup worker successfully registered.
server is running on port 3000
MONGODB IS UP
🧹 GDPR Privacy Cleanup: Successfully anonymized 0 logs older than 30 days.
◇ injected env (10) from .env // tip: ⌁ auth for agents [www.vestauth.com]
mongodb+srv://vibhanshi2023cse_db_user:techno123@cluster0.lpxk8fa.mongodb.net/society-app
◇ injected env (0) from .env // tip: ⌘ custom filepath { path: '/custom/path/.env' }
⏰ GDPR Privacy Cleanup worker successfully registered.
server is running on port 3000
MONGODB IS UP
🧹 GDPR Privacy Cleanup: Successfully anonymized 0 logs older than 30 days.
◇ injected env (10) from .env // tip: ◈ encrypted .env [www.dotenvx.com]
mongodb+srv://vibhanshi2023cse_db_user:techno123@cluster0.lpxk8fa.mongodb.net/society-app
◇ injected env (0) from .env // tip: ◈ secrets for agents [www.dotenvx.com]
⏰ GDPR Privacy Cleanup worker successfully registered.
server is running on port 3000
MONGODB IS UP
🧹 GDPR Privacy Cleanup: Successfully anonymized 0 logs older than 30 days.
◇ injected env (10) from .env // tip: ◈ encrypted .env [www.dotenvx.com]
mongodb+srv://vibhanshi2023cse_db_user:techno123@cluster0.lpxk8fa.mongodb.net/society-app
◇ injected env (0) from .env // tip: ⌘ custom filepath { path: '/custom/path/.env' }
⏰ GDPR Privacy Cleanup worker successfully registered.
server is running on port 3000
MONGODB IS UP
🧹 GDPR Privacy Cleanup: Successfully anonymized 0 logs older than 30 days.
◇ injected env (10) from .env // tip: ⌘ suppress logs { quiet: true }
mongodb+srv://vibhanshi2023cse_db_user:techno123@cluster0.lpxk8fa.mongodb.net/society-app
◇ injected env (0) from .env // tip: ⌘ suppress logs { quiet: true }
⏰ GDPR Privacy Cleanup worker successfully registered.
server is running on port 3000
MONGODB IS UP
🧹 GDPR Privacy Cleanup: Successfully anonymized 0 logs older than 30 days.
◇ injected env (10) from .env // tip: ⌘ multiple files { path: ['.env.local', '.env'] }
mongodb+srv://vibhanshi2023cse_db_user:techno123@cluster0.lpxk8fa.mongodb.net/society-app
◇ injected env (0) from .env // tip: ⌘ multiple files { path: ['.env.local', '.env'] }
⏰ GDPR Privacy Cleanup worker successfully registered.
server is running on port 3000
MONGODB IS UP
🧹 GDPR Privacy Cleanup: Successfully anonymized 0 logs older than 30 days.
◇ injected env (10) from .env // tip: ◈ secrets for agents [www.dotenvx.com]
mongodb+srv://vibhanshi2023cse_db_user:techno123@cluster0.lpxk8fa.mongodb.net/society-app
◇ injected env (0) from .env // tip: ◈ encrypted .env [www.dotenvx.com]
⏰ GDPR Privacy Cleanup worker successfully registered.
server is running on port 3000
MONGODB IS UP
🧹 GDPR Privacy Cleanup: Successfully anonymized 0 logs older than 30 days.
◇ injected env (10) from .env // tip: ◈ secrets for agents [www.dotenvx.com]
mongodb+srv://vibhanshi2023cse_db_user:techno123@cluster0.lpxk8fa.mongodb.net/society-app
◇ injected env (0) from .env // tip: ⌘ custom filepath { path: '/custom/path/.env' }
⏰ GDPR Privacy Cleanup worker successfully registered.
server is running on port 3000
MONGODB IS UP
🧹 GDPR Privacy Cleanup: Successfully anonymized 0 logs older than 30 days.
◇ injected env (10) from .env // tip: ⌁ auth for agents [www.vestauth.com]
mongodb+srv://vibhanshi2023cse_db_user:techno123@cluster0.lpxk8fa.mongodb.net/society-app
◇ injected env (0) from .env // tip: ◈ secrets for agents [www.dotenvx.com]
⏰ GDPR Privacy Cleanup worker successfully registered.
server is running on port 3000
MONGODB IS UP
🧹 GDPR Privacy Cleanup: Successfully anonymized 0 logs older than 30 days.
◇ injected env (10) from .env // tip: ◈ secrets for agents [www.dotenvx.com]
mongodb+srv://vibhanshi2023cse_db_user:techno123@cluster0.lpxk8fa.mongodb.net/society-app
◇ injected env (0) from .env // tip: ⌁ auth for agents [www.vestauth.com]
⏰ GDPR Privacy Cleanup worker successfully registered.
server is running on port 3000
MONGODB IS UP
🧹 GDPR Privacy Cleanup: Successfully anonymized 0 logs older than 30 days.
◇ injected env (10) from .env // tip: ⌘ custom filepath { path: '/custom/path/.env' }
mongodb+srv://vibhanshi2023cse_db_user:techno123@cluster0.lpxk8fa.mongodb.net/society-app
◇ injected env (0) from .env // tip: ⌘ override existing { override: true }
⏰ GDPR Privacy Cleanup worker successfully registered.
server is running on port 3000
MONGODB IS UP
🧹 GDPR Privacy Cleanup: Successfully anonymized 0 logs older than 30 days.
◇ injected env (10) from .env // tip: ⌁ auth for agents [www.vestauth.com]
mongodb+srv://vibhanshi2023cse_db_user:techno123@cluster0.lpxk8fa.mongodb.net/society-app
◇ injected env (0) from .env // tip: ◈ secrets for agents [www.dotenvx.com]
⏰ GDPR Privacy Cleanup worker successfully registered.
server is running on port 3000
MONGODB IS UP
🧹 GDPR Privacy Cleanup: Successfully anonymized 0 logs older than 30 days.
◇ injected env (10) from .env // tip: ◈ secrets for agents [www.dotenvx.com]
mongodb+srv://vibhanshi2023cse_db_user:techno123@cluster0.lpxk8fa.mongodb.net/society-app
◇ injected env (0) from .env // tip: ⌘ enable debugging { debug: true }
⏰ GDPR Privacy Cleanup worker successfully registered.
server is running on port 3000
MONGODB IS UP
🧹 GDPR Privacy Cleanup: Successfully anonymized 0 logs older than 30 days.
◇ injected env (10) from .env // tip: ⌘ multiple files { path: ['.env.local', '.env'] }
mongodb+srv://vibhanshi2023cse_db_user:techno123@cluster0.lpxk8fa.mongodb.net/society-app
◇ injected env (0) from .env // tip: ⌘ multiple files { path: ['.env.local', '.env'] }
⏰ GDPR Privacy Cleanup worker successfully registered.
server is running on port 3000
MONGODB IS UP
🧹 GDPR Privacy Cleanup: Successfully anonymized 0 logs older than 30 days.
◇ injected env (10) from .env // tip: ⌘ override existing { override: true }
mongodb+srv://vibhanshi2023cse_db_user:techno123@cluster0.lpxk8fa.mongodb.net/society-app
◇ injected env (0) from .env // tip: ⌘ suppress logs { quiet: true }
⏰ GDPR Privacy Cleanup worker successfully registered.
server is running on port 3000
MONGODB IS UP
🧹 GDPR Privacy Cleanup: Successfully anonymized 0 logs older than 30 days.
◇ injected env (10) from .env // tip: ⌘ override existing { override: true }
mongodb+srv://vibhanshi2023cse_db_user:techno123@cluster0.lpxk8fa.mongodb.net/society-app
◇ injected env (0) from .env // tip: ⌘ override existing { override: true }
⏰ GDPR Privacy Cleanup worker successfully registered.
server is running on port 3000
MONGODB IS UP
🧹 GDPR Privacy Cleanup: Successfully anonymized 0 logs older than 30 days.
◇ injected env (10) from .env // tip: ⌘ suppress logs { quiet: true }
mongodb+srv://vibhanshi2023cse_db_user:techno123@cluster0.lpxk8fa.mongodb.net/society-app
◇ injected env (0) from .env // tip: ⌘ custom filepath { path: '/custom/path/.env' }
⏰ GDPR Privacy Cleanup worker successfully registered.
server is running on port 3000
MONGODB IS UP
🧹 GDPR Privacy Cleanup: Successfully anonymized 0 logs older than 30 days.
◇ injected env (10) from .env // tip: ◈ encrypted .env [www.dotenvx.com]
mongodb+srv://vibhanshi2023cse_db_user:techno123@cluster0.lpxk8fa.mongodb.net/society-app
◇ injected env (0) from .env // tip: ◈ encrypted .env [www.dotenvx.com]
⏰ GDPR Privacy Cleanup worker successfully registered.
server is running on port 3000
MONGODB IS UP
🧹 GDPR Privacy Cleanup: Successfully anonymized 0 logs older than 30 days.
◇ injected env (10) from .env // tip: ⌁ auth for agents [www.vestauth.com]
mongodb+srv://vibhanshi2023cse_db_user:techno123@cluster0.lpxk8fa.mongodb.net/society-app
◇ injected env (0) from .env // tip: ⌁ auth for agents [www.vestauth.com]
⏰ GDPR Privacy Cleanup worker successfully registered.
server is running on port 3000
MONGODB IS UP
🧹 GDPR Privacy Cleanup: Successfully anonymized 0 logs older than 30 days.
◇ injected env (10) from .env // tip: ⌘ suppress logs { quiet: true }
mongodb+srv://vibhanshi2023cse_db_user:techno123@cluster0.lpxk8fa.mongodb.net/society-app
◇ injected env (0) from .env // tip: ◈ encrypted .env [www.dotenvx.com]
⏰ GDPR Privacy Cleanup worker successfully registered.
server is running on port 3000
MONGODB IS UP
🧹 GDPR Privacy Cleanup: Successfully anonymized 0 logs older than 30 days.
◇ injected env (10) from .env // tip: ⌘ multiple files { path: ['.env.local', '.env'] }
mongodb+srv://vibhanshi2023cse_db_user:techno123@cluster0.lpxk8fa.mongodb.net/society-app
◇ injected env (0) from .env // tip: ⌘ multiple files { path: ['.env.local', '.env'] }
⏰ GDPR Privacy Cleanup worker successfully registered.
server is running on port 3000
MONGODB IS UP
🧹 GDPR Privacy Cleanup: Successfully anonymized 0 logs older than 30 days.
◇ injected env (10) from .env // tip: ◈ encrypted .env [www.dotenvx.com]
mongodb+srv://vibhanshi2023cse_db_user:techno123@cluster0.lpxk8fa.mongodb.net/society-app
◇ injected env (0) from .env // tip: ⌘ enable debugging { debug: true }
⏰ GDPR Privacy Cleanup worker successfully registered.
server is running on port 3000
MONGODB IS UP
🧹 GDPR Privacy Cleanup: Successfully anonymized 0 logs older than 30 days.
◇ injected env (10) from .env // tip: ◈ secrets for agents [www.dotenvx.com]
mongodb+srv://vibhanshi2023cse_db_user:techno123@cluster0.lpxk8fa.mongodb.net/society-app
◇ injected env (0) from .env // tip: ⌘ enable debugging { debug: true }
⏰ GDPR Privacy Cleanup worker successfully registered.
server is running on port 3000
MONGODB IS UP
🧹 GDPR Privacy Cleanup: Successfully anonymized 0 logs older than 30 days.
◇ injected env (10) from .env // tip: ⌘ multiple files { path: ['.env.local', '.env'] }
mongodb+srv://vibhanshi2023cse_db_user:techno123@cluster0.lpxk8fa.mongodb.net/society-app
◇ injected env (0) from .env // tip: ⌁ auth for agents [www.vestauth.com]
⏰ GDPR Privacy Cleanup worker successfully registered.
server is running on port 3000
MONGODB IS UP
🧹 GDPR Privacy Cleanup: Successfully anonymized 0 logs older than 30 days.
◇ injected env (10) from .env // tip: ⌘ suppress logs { quiet: true }
mongodb+srv://vibhanshi2023cse_db_user:techno123@cluster0.lpxk8fa.mongodb.net/society-app
◇ injected env (0) from .env // tip: ◈ encrypted .env [www.dotenvx.com]
⏰ GDPR Privacy Cleanup worker successfully registered.
server is running on port 3000
MONGODB IS UP
🧹 GDPR Privacy Cleanup: Successfully anonymized 0 logs older than 30 days.
◇ injected env (10) from .env // tip: ⌘ multiple files { path: ['.env.local', '.env'] }
mongodb+srv://vibhanshi2023cse_db_user:techno123@cluster0.lpxk8fa.mongodb.net/society-app
◇ injected env (0) from .env // tip: ⌁ auth for agents [www.vestauth.com]
⏰ GDPR Privacy Cleanup worker successfully registered.
server is running on port 3000
MONGODB IS UP
🧹 GDPR Privacy Cleanup: Successfully anonymized 0 logs older than 30 days.
◇ injected env (10) from .env // tip: ⌘ suppress logs { quiet: true }
mongodb+srv://vibhanshi2023cse_db_user:techno123@cluster0.lpxk8fa.mongodb.net/society-app
◇ injected env (0) from .env // tip: ⌘ suppress logs { quiet: true }
⏰ GDPR Privacy Cleanup worker successfully registered.
server is running on port 3000
MONGODB IS UP
🧹 GDPR Privacy Cleanup: Successfully anonymized 0 logs older than 30 days.
◇ injected env (10) from .env // tip: ◈ secrets for agents [www.dotenvx.com]
mongodb+srv://vibhanshi2023cse_db_user:techno123@cluster0.lpxk8fa.mongodb.net/society-app
◇ injected env (0) from .env // tip: ◈ secrets for agents [www.dotenvx.com]
⏰ GDPR Privacy Cleanup worker successfully registered.
server is running on port 3000
MONGODB IS UP
🧹 GDPR Privacy Cleanup: Successfully anonymized 0 logs older than 30 days.
◇ injected env (10) from .env // tip: ⌘ multiple files { path: ['.env.local', '.env'] }
mongodb+srv://vibhanshi2023cse_db_user:techno123@cluster0.lpxk8fa.mongodb.net/society-app
◇ injected env (0) from .env // tip: ◈ encrypted .env [www.dotenvx.com]
⏰ GDPR Privacy Cleanup worker successfully registered.
server is running on port 3000
MONGODB IS UP
🧹 GDPR Privacy Cleanup: Successfully anonymized 0 logs older than 30 days.
◇ injected env (10) from .env // tip: ⌘ enable debugging { debug: true }
mongodb+srv://vibhanshi2023cse_db_user:techno123@cluster0.lpxk8fa.mongodb.net/society-app
◇ injected env (0) from .env // tip: ◈ secrets for agents [www.dotenvx.com]
⏰ GDPR Privacy Cleanup worker successfully registered.
server is running on port 3000
MONGODB IS UP
🧹 GDPR Privacy Cleanup: Successfully anonymized 0 logs older than 30 days.
◇ injected env (10) from .env // tip: ⌁ auth for agents [www.vestauth.com]
mongodb+srv://vibhanshi2023cse_db_user:techno123@cluster0.lpxk8fa.mongodb.net/society-app
◇ injected env (0) from .env // tip: ⌘ custom filepath { path: '/custom/path/.env' }
⏰ GDPR Privacy Cleanup worker successfully registered.
server is running on port 3000
MONGODB IS UP
🧹 GDPR Privacy Cleanup: Successfully anonymized 0 logs older than 30 days.
◇ injected env (10) from .env // tip: ⌘ suppress logs { quiet: true }
mongodb+srv://vibhanshi2023cse_db_user:techno123@cluster0.lpxk8fa.mongodb.net/society-app
◇ injected env (0) from .env // tip: ◈ encrypted .env [www.dotenvx.com]
⏰ GDPR Privacy Cleanup worker successfully registered.
server is running on port 3000
MONGODB IS UP
🧹 GDPR Privacy Cleanup: Successfully anonymized 0 logs older than 30 days.
◇ injected env (10) from .env // tip: ⌘ multiple files { path: ['.env.local', '.env'] }
mongodb+srv://vibhanshi2023cse_db_user:techno123@cluster0.lpxk8fa.mongodb.net/society-app
◇ injected env (0) from .env // tip: ⌘ override existing { override: true }
⏰ GDPR Privacy Cleanup worker successfully registered.
server is running on port 3000
MONGODB IS UP
🧹 GDPR Privacy Cleanup: Successfully anonymized 0 logs older than 30 days.
◇ injected env (10) from .env // tip: ⌘ enable debugging { debug: true }
mongodb+srv://vibhanshi2023cse_db_user:techno123@cluster0.lpxk8fa.mongodb.net/society-app
◇ injected env (0) from .env // tip: ⌘ custom filepath { path: '/custom/path/.env' }
⏰ GDPR Privacy Cleanup worker successfully registered.
server is running on port 3000
MONGODB IS UP
🧹 GDPR Privacy Cleanup: Successfully anonymized 0 logs older than 30 days.
◇ injected env (10) from .env // tip: ⌘ multiple files { path: ['.env.local', '.env'] }
mongodb+srv://vibhanshi2023cse_db_user:techno123@cluster0.lpxk8fa.mongodb.net/society-app
◇ injected env (0) from .env // tip: ◈ secrets for agents [www.dotenvx.com]
⏰ GDPR Privacy Cleanup worker successfully registered.
server is running on port 3000
MONGODB IS UP
🧹 GDPR Privacy Cleanup: Successfully anonymized 0 logs older than 30 days.
◇ injected env (10) from .env // tip: ◈ secrets for agents [www.dotenvx.com]
mongodb+srv://vibhanshi2023cse_db_user:techno123@cluster0.lpxk8fa.mongodb.net/society-app
◇ injected env (0) from .env // tip: ⌘ custom filepath { path: '/custom/path/.env' }
⏰ GDPR Privacy Cleanup worker successfully registered.
server is running on port 3000
MONGODB IS UP
🧹 GDPR Privacy Cleanup: Successfully anonymized 0 logs older than 30 days.
◇ injected env (10) from .env // tip: ⌘ custom filepath { path: '/custom/path/.env' }
mongodb+srv://vibhanshi2023cse_db_user:techno123@cluster0.lpxk8fa.mongodb.net/society-app
◇ injected env (0) from .env // tip: ⌘ enable debugging { debug: true }
⏰ GDPR Privacy Cleanup worker successfully registered.
server is running on port 3000
MONGODB IS UP
🧹 GDPR Privacy Cleanup: Successfully anonymized 0 logs older than 30 days.
◇ injected env (10) from .env // tip: ◈ secrets for agents [www.dotenvx.com]
mongodb+srv://vibhanshi2023cse_db_user:techno123@cluster0.lpxk8fa.mongodb.net/society-app
◇ injected env (0) from .env // tip: ⌘ enable debugging { debug: true }
⏰ GDPR Privacy Cleanup worker successfully registered.
server is running on port 3000
MONGODB IS UP
🧹 GDPR Privacy Cleanup: Successfully anonymized 0 logs older than 30 days.
◇ injected env (10) from .env // tip: ◈ secrets for agents [www.dotenvx.com]
mongodb+srv://vibhanshi2023cse_db_user:techno123@cluster0.lpxk8fa.mongodb.net/society-app
◇ injected env (0) from .env // tip: ⌘ override existing { override: true }
⏰ GDPR Privacy Cleanup worker successfully registered.
server is running on port 3000
MONGODB IS UP
🧹 GDPR Privacy Cleanup: Successfully anonymized 0 logs older than 30 days.
◇ injected env (10) from .env // tip: ⌘ multiple files { path: ['.env.local', '.env'] }
mongodb+srv://vibhanshi2023cse_db_user:techno123@cluster0.lpxk8fa.mongodb.net/society-app
◇ injected env (0) from .env // tip: ⌘ suppress logs { quiet: true }
⏰ GDPR Privacy Cleanup worker successfully registered.
server is running on port 3000
MONGODB IS UP
🧹 GDPR Privacy Cleanup: Successfully anonymized 0 logs older than 30 days.
◇ injected env (10) from .env // tip: ◈ secrets for agents [www.dotenvx.com]
mongodb+srv://vibhanshi2023cse_db_user:techno123@cluster0.lpxk8fa.mongodb.net/society-app
◇ injected env (0) from .env // tip: ◈ secrets for agents [www.dotenvx.com]
⏰ GDPR Privacy Cleanup worker successfully registered.
server is running on port 3000
MONGODB IS UP
🧹 GDPR Privacy Cleanup: Successfully anonymized 0 logs older than 30 days.
◇ injected env (10) from .env // tip: ⌘ custom filepath { path: '/custom/path/.env' }
mongodb+srv://vibhanshi2023cse_db_user:techno123@cluster0.lpxk8fa.mongodb.net/society-app
◇ injected env (0) from .env // tip: ⌘ multiple files { path: ['.env.local', '.env'] }
⏰ GDPR Privacy Cleanup worker successfully registered.
server is running on port 3000
MONGODB IS UP
🧹 GDPR Privacy Cleanup: Successfully anonymized 0 logs older than 30 days.
◇ injected env (10) from .env // tip: ⌘ override existing { override: true }
mongodb+srv://vibhanshi2023cse_db_user:techno123@cluster0.lpxk8fa.mongodb.net/society-app
◇ injected env (0) from .env // tip: ⌘ enable debugging { debug: true }
⏰ GDPR Privacy Cleanup worker successfully registered.
server is running on port 3000
MONGODB IS UP
🧹 GDPR Privacy Cleanup: Successfully anonymized 0 logs older than 30 days.
◇ injected env (10) from .env // tip: ⌘ suppress logs { quiet: true }
mongodb+srv://vibhanshi2023cse_db_user:techno123@cluster0.lpxk8fa.mongodb.net/society-app
◇ injected env (0) from .env // tip: ◈ encrypted .env [www.dotenvx.com]
⏰ GDPR Privacy Cleanup worker successfully registered.
server is running on port 3000
MONGODB IS UP
🧹 GDPR Privacy Cleanup: Successfully anonymized 0 logs older than 30 days.
◇ injected env (10) from .env // tip: ⌘ multiple files { path: ['.env.local', '.env'] }
mongodb+srv://vibhanshi2023cse_db_user:techno123@cluster0.lpxk8fa.mongodb.net/society-app
◇ injected env (0) from .env // tip: ⌁ auth for agents [www.vestauth.com]
⏰ GDPR Privacy Cleanup worker successfully registered.
server is running on port 3000
MONGODB IS UP
🧹 GDPR Privacy Cleanup: Successfully anonymized 0 logs older than 30 days.
◇ injected env (10) from .env // tip: ⌘ suppress logs { quiet: true }
mongodb+srv://vibhanshi2023cse_db_user:techno123@cluster0.lpxk8fa.mongodb.net/society-app
◇ injected env (0) from .env // tip: ⌁ auth for agents [www.vestauth.com]
⏰ GDPR Privacy Cleanup worker successfully registered.
server is running on port 3000
MONGODB IS UP
🧹 GDPR Privacy Cleanup: Successfully anonymized 0 logs older than 30 days.
◇ injected env (10) from .env // tip: ◈ encrypted .env [www.dotenvx.com]
mongodb+srv://vibhanshi2023cse_db_user:techno123@cluster0.lpxk8fa.mongodb.net/society-app
◇ injected env (0) from .env // tip: ⌁ auth for agents [www.vestauth.com]
⏰ GDPR Privacy Cleanup worker successfully registered.
server is running on port 3000
MONGODB IS UP
🧹 GDPR Privacy Cleanup: Successfully anonymized 0 logs older than 30 days.
◇ injected env (10) from .env // tip: ⌘ multiple files { path: ['.env.local', '.env'] }
mongodb+srv://vibhanshi2023cse_db_user:techno123@cluster0.lpxk8fa.mongodb.net/society-app
◇ injected env (0) from .env // tip: ⌁ auth for agents [www.vestauth.com]
⏰ GDPR Privacy Cleanup worker successfully registered.
server is running on port 3000
MONGODB IS UP
🧹 GDPR Privacy Cleanup: Successfully anonymized 0 logs older than 30 days.
◇ injected env (10) from .env // tip: ⌁ auth for agents [www.vestauth.com]
mongodb+srv://vibhanshi2023cse_db_user:techno123@cluster0.lpxk8fa.mongodb.net/society-app
◇ injected env (0) from .env // tip: ◈ secrets for agents [www.dotenvx.com]
⏰ GDPR Privacy Cleanup worker successfully registered.
server is running on port 3000
MONGODB IS UP
🧹 GDPR Privacy Cleanup: Successfully anonymized 0 logs older than 30 days.
◇ injected env (10) from .env // tip: ⌘ suppress logs { quiet: true }
mongodb+srv://vibhanshi2023cse_db_user:techno123@cluster0.lpxk8fa.mongodb.net/society-app
◇ injected env (0) from .env // tip: ⌘ enable debugging { debug: true }
⏰ GDPR Privacy Cleanup worker successfully registered.
server is running on port 3000
MONGODB IS UP
🧹 GDPR Privacy Cleanup: Successfully anonymized 0 logs older than 30 days.
◇ injected env (10) from .env // tip: ⌁ auth for agents [www.vestauth.com]
mongodb+srv://vibhanshi2023cse_db_user:techno123@cluster0.lpxk8fa.mongodb.net/society-app
◇ injected env (0) from .env // tip: ⌁ auth for agents [www.vestauth.com]
⏰ GDPR Privacy Cleanup worker successfully registered.
server is running on port 3000
MONGODB IS UP
🧹 GDPR Privacy Cleanup: Successfully anonymized 0 logs older than 30 days.
◇ injected env (10) from .env // tip: ◈ encrypted .env [www.dotenvx.com]
mongodb+srv://vibhanshi2023cse_db_user:techno123@cluster0.lpxk8fa.mongodb.net/society-app
◇ injected env (0) from .env // tip: ⌁ auth for agents [www.vestauth.com]
⏰ GDPR Privacy Cleanup worker successfully registered.
server is running on port 3000
MONGODB IS UP
🧹 GDPR Privacy Cleanup: Successfully anonymized 0 logs older than 30 days.
◇ injected env (10) from .env // tip: ⌘ custom filepath { path: '/custom/path/.env' }
mongodb+srv://vibhanshi2023cse_db_user:techno123@cluster0.lpxk8fa.mongodb.net/society-app
◇ injected env (0) from .env // tip: ⌘ override existing { override: true }
⏰ GDPR Privacy Cleanup worker successfully registered.
server is running on port 3000
MONGODB IS UP
🧹 GDPR Privacy Cleanup: Successfully anonymized 0 logs older than 30 days.
◇ injected env (10) from .env // tip: ⌘ suppress logs { quiet: true }
mongodb+srv://vibhanshi2023cse_db_user:techno123@cluster0.lpxk8fa.mongodb.net/society-app
◇ injected env (0) from .env // tip: ⌘ custom filepath { path: '/custom/path/.env' }
⏰ GDPR Privacy Cleanup worker successfully registered.
server is running on port 3000
MONGODB IS UP
🧹 GDPR Privacy Cleanup: Successfully anonymized 0 logs older than 30 days.
◇ injected env (10) from .env // tip: ⌘ suppress logs { quiet: true }
mongodb+srv://vibhanshi2023cse_db_user:techno123@cluster0.lpxk8fa.mongodb.net/society-app
◇ injected env (0) from .env // tip: ⌘ custom filepath { path: '/custom/path/.env' }
⏰ GDPR Privacy Cleanup worker successfully registered.
server is running on port 3000
MONGODB IS UP
🧹 GDPR Privacy Cleanup: Successfully anonymized 0 logs older than 30 days.
◇ injected env (10) from .env // tip: ◈ encrypted .env [www.dotenvx.com]
mongodb+srv://vibhanshi2023cse_db_user:techno123@cluster0.lpxk8fa.mongodb.net/society-app
◇ injected env (0) from .env // tip: ◈ secrets for agents [www.dotenvx.com]
⏰ GDPR Privacy Cleanup worker successfully registered.
server is running on port 3000
MONGODB IS UP
🧹 GDPR Privacy Cleanup: Successfully anonymized 0 logs older than 30 days.
◇ injected env (10) from .env // tip: ⌘ override existing { override: true }
mongodb+srv://vibhanshi2023cse_db_user:techno123@cluster0.lpxk8fa.mongodb.net/society-app
◇ injected env (0) from .env // tip: ⌘ override existing { override: true }
⏰ GDPR Privacy Cleanup worker successfully registered.
server is running on port 3000
MONGODB IS UP
🧹 GDPR Privacy Cleanup: Successfully anonymized 0 logs older than 30 days.
◇ injected env (10) from .env // tip: ⌁ auth for agents [www.vestauth.com]
mongodb+srv://vibhanshi2023cse_db_user:techno123@cluster0.lpxk8fa.mongodb.net/society-app
◇ injected env (0) from .env // tip: ⌘ enable debugging { debug: true }
⏰ GDPR Privacy Cleanup worker successfully registered.
server is running on port 3000
MONGODB IS UP
🧹 GDPR Privacy Cleanup: Successfully anonymized 0 logs older than 30 days.
◇ injected env (10) from .env // tip: ⌘ enable debugging { debug: true }
mongodb+srv://vibhanshi2023cse_db_user:techno123@cluster0.lpxk8fa.mongodb.net/society-app
◇ injected env (0) from .env // tip: ◈ secrets for agents [www.dotenvx.com]
⏰ GDPR Privacy Cleanup worker successfully registered.
server is running on port 3000
MONGODB IS UP
🧹 GDPR Privacy Cleanup: Successfully anonymized 0 logs older than 30 days.
◇ injected env (10) from .env // tip: ◈ secrets for agents [www.dotenvx.com]
mongodb+srv://vibhanshi2023cse_db_user:techno123@cluster0.lpxk8fa.mongodb.net/society-app
◇ injected env (0) from .env // tip: ⌘ custom filepath { path: '/custom/path/.env' }
⏰ GDPR Privacy Cleanup worker successfully registered.
server is running on port 3000
MONGODB IS UP
🧹 GDPR Privacy Cleanup: Successfully anonymized 0 logs older than 30 days.
◇ injected env (10) from .env // tip: ⌘ custom filepath { path: '/custom/path/.env' }
mongodb+srv://vibhanshi2023cse_db_user:techno123@cluster0.lpxk8fa.mongodb.net/society-app
◇ injected env (0) from .env // tip: ⌁ auth for agents [www.vestauth.com]
⏰ GDPR Privacy Cleanup worker successfully registered.
server is running on port 3000
MONGODB IS UP
🧹 GDPR Privacy Cleanup: Successfully anonymized 0 logs older than 30 days.
◇ injected env (10) from .env // tip: ⌘ multiple files { path: ['.env.local', '.env'] }
mongodb+srv://vibhanshi2023cse_db_user:techno123@cluster0.lpxk8fa.mongodb.net/society-app
◇ injected env (0) from .env // tip: ⌁ auth for agents [www.vestauth.com]
⏰ GDPR Privacy Cleanup worker successfully registered.
server is running on port 3000
MONGODB IS UP
🧹 GDPR Privacy Cleanup: Successfully anonymized 0 logs older than 30 days.
◇ injected env (10) from .env // tip: ⌘ enable debugging { debug: true }
mongodb+srv://vibhanshi2023cse_db_user:techno123@cluster0.lpxk8fa.mongodb.net/society-app
◇ injected env (0) from .env // tip: ⌁ auth for agents [www.vestauth.com]
⏰ GDPR Privacy Cleanup worker successfully registered.
server is running on port 3000
MONGODB IS UP
🧹 GDPR Privacy Cleanup: Successfully anonymized 0 logs older than 30 days.
◇ injected env (10) from .env // tip: ⌁ auth for agents [www.vestauth.com]
mongodb+srv://vibhanshi2023cse_db_user:techno123@cluster0.lpxk8fa.mongodb.net/society-app
◇ injected env (0) from .env // tip: ⌘ suppress logs { quiet: true }
⏰ GDPR Privacy Cleanup worker successfully registered.
server is running on port 3000
MONGODB IS UP
🧹 GDPR Privacy Cleanup: Successfully anonymized 0 logs older than 30 days.
◇ injected env (10) from .env // tip: ◈ secrets for agents [www.dotenvx.com]
mongodb+srv://vibhanshi2023cse_db_user:techno123@cluster0.lpxk8fa.mongodb.net/society-app
◇ injected env (0) from .env // tip: ⌘ multiple files { path: ['.env.local', '.env'] }
⏰ GDPR Privacy Cleanup worker successfully registered.
server is running on port 3000
MONGODB IS UP
🧹 GDPR Privacy Cleanup: Successfully anonymized 0 logs older than 30 days.
◇ injected env (10) from .env // tip: ⌁ auth for agents [www.vestauth.com]
mongodb+srv://vibhanshi2023cse_db_user:techno123@cluster0.lpxk8fa.mongodb.net/society-app
◇ injected env (0) from .env // tip: ⌘ enable debugging { debug: true }
⏰ GDPR Privacy Cleanup worker successfully registered.
server is running on port 3000
MONGODB IS UP
🧹 GDPR Privacy Cleanup: Successfully anonymized 0 logs older than 30 days.
◇ injected env (10) from .env // tip: ◈ secrets for agents [www.dotenvx.com]
mongodb+srv://vibhanshi2023cse_db_user:techno123@cluster0.lpxk8fa.mongodb.net/society-app
◇ injected env (0) from .env // tip: ◈ secrets for agents [www.dotenvx.com]
⏰ GDPR Privacy Cleanup worker successfully registered.
server is running on port 3000
MONGODB IS UP
🧹 GDPR Privacy Cleanup: Successfully anonymized 0 logs older than 30 days.
◇ injected env (10) from .env // tip: ⌁ auth for agents [www.vestauth.com]
mongodb+srv://vibhanshi2023cse_db_user:techno123@cluster0.lpxk8fa.mongodb.net/society-app
◇ injected env (0) from .env // tip: ◈ secrets for agents [www.dotenvx.com]
⏰ GDPR Privacy Cleanup worker successfully registered.
server is running on port 3000
MONGODB IS UP
🧹 GDPR Privacy Cleanup: Successfully anonymized 0 logs older than 30 days.
◇ injected env (10) from .env // tip: ⌘ suppress logs { quiet: true }
mongodb+srv://vibhanshi2023cse_db_user:techno123@cluster0.lpxk8fa.mongodb.net/society-app
◇ injected env (0) from .env // tip: ⌘ override existing { override: true }
⏰ GDPR Privacy Cleanup worker successfully registered.
server is running on port 3000
MONGODB IS UP
🧹 GDPR Privacy Cleanup: Successfully anonymized 0 logs older than 30 days.
◇ injected env (10) from .env // tip: ⌘ multiple files { path: ['.env.local', '.env'] }
mongodb+srv://vibhanshi2023cse_db_user:techno123@cluster0.lpxk8fa.mongodb.net/society-app
◇ injected env (0) from .env // tip: ⌘ multiple files { path: ['.env.local', '.env'] }
⏰ GDPR Privacy Cleanup worker successfully registered.
server is running on port 3000
MONGODB IS UP
🧹 GDPR Privacy Cleanup: Successfully anonymized 0 logs older than 30 days.
◇ injected env (10) from .env // tip: ⌘ enable debugging { debug: true }
mongodb+srv://vibhanshi2023cse_db_user:techno123@cluster0.lpxk8fa.mongodb.net/society-app
◇ injected env (0) from .env // tip: ⌘ suppress logs { quiet: true }
⏰ GDPR Privacy Cleanup worker successfully registered.
server is running on port 3000
MONGODB IS UP
🧹 GDPR Privacy Cleanup: Successfully anonymized 0 logs older than 30 days.
◇ injected env (10) from .env // tip: ⌘ override existing { override: true }
mongodb+srv://vibhanshi2023cse_db_user:techno123@cluster0.lpxk8fa.mongodb.net/society-app
◇ injected env (0) from .env // tip: ⌁ auth for agents [www.vestauth.com]
⏰ GDPR Privacy Cleanup worker successfully registered.
server is running on port 3000
MONGODB IS UP
🧹 GDPR Privacy Cleanup: Successfully anonymized 0 logs older than 30 days.
◇ injected env (10) from .env // tip: ⌁ auth for agents [www.vestauth.com]
mongodb+srv://vibhanshi2023cse_db_user:techno123@cluster0.lpxk8fa.mongodb.net/society-app
◇ injected env (0) from .env // tip: ⌁ auth for agents [www.vestauth.com]
⏰ GDPR Privacy Cleanup worker successfully registered.
server is running on port 3000
MONGODB IS UP
🧹 GDPR Privacy Cleanup: Successfully anonymized 0 logs older than 30 days.
◇ injected env (10) from .env // tip: ⌘ suppress logs { quiet: true }
mongodb+srv://vibhanshi2023cse_db_user:techno123@cluster0.lpxk8fa.mongodb.net/society-app
◇ injected env (0) from .env // tip: ⌘ override existing { override: true }
⏰ GDPR Privacy Cleanup worker successfully registered.
server is running on port 3000
MONGODB IS UP
🧹 GDPR Privacy Cleanup: Successfully anonymized 0 logs older than 30 days.
◇ injected env (10) from .env // tip: ⌘ custom filepath { path: '/custom/path/.env' }
mongodb+srv://vibhanshi2023cse_db_user:techno123@cluster0.lpxk8fa.mongodb.net/society-app
◇ injected env (0) from .env // tip: ⌘ suppress logs { quiet: true }
⏰ GDPR Privacy Cleanup worker successfully registered.
server is running on port 3000
MONGODB IS UP
🧹 GDPR Privacy Cleanup: Successfully anonymized 0 logs older than 30 days.
◇ injected env (10) from .env // tip: ⌘ enable debugging { debug: true }
mongodb+srv://vibhanshi2023cse_db_user:techno123@cluster0.lpxk8fa.mongodb.net/society-app
◇ injected env (0) from .env // tip: ⌁ auth for agents [www.vestauth.com]
⏰ GDPR Privacy Cleanup worker successfully registered.
server is running on port 3000
MONGODB IS UP
🧹 GDPR Privacy Cleanup: Successfully anonymized 0 logs older than 30 days.
◇ injected env (10) from .env // tip: ⌘ multiple files { path: ['.env.local', '.env'] }
mongodb+srv://vibhanshi2023cse_db_user:techno123@cluster0.lpxk8fa.mongodb.net/society-app
◇ injected env (0) from .env // tip: ⌘ enable debugging { debug: true }
⏰ GDPR Privacy Cleanup worker successfully registered.
server is running on port 3000
MONGODB IS UP
🧹 GDPR Privacy Cleanup: Successfully anonymized 0 logs older than 30 days.
◇ injected env (10) from .env // tip: ⌘ override existing { override: true }
mongodb+srv://vibhanshi2023cse_db_user:techno123@cluster0.lpxk8fa.mongodb.net/society-app
◇ injected env (0) from .env // tip: ⌘ override existing { override: true }
⏰ GDPR Privacy Cleanup worker successfully registered.
server is running on port 3000
MONGODB IS UP
🧹 GDPR Privacy Cleanup: Successfully anonymized 0 logs older than 30 days.
◇ injected env (10) from .env // tip: ◈ secrets for agents [www.dotenvx.com]
mongodb+srv://vibhanshi2023cse_db_user:techno123@cluster0.lpxk8fa.mongodb.net/society-app
◇ injected env (0) from .env // tip: ⌘ multiple files { path: ['.env.local', '.env'] }
⏰ GDPR Privacy Cleanup worker successfully registered.
server is running on port 3000
MONGODB IS UP
🧹 GDPR Privacy Cleanup: Successfully anonymized 0 logs older than 30 days.
◇ injected env (10) from .env // tip: ⌁ auth for agents [www.vestauth.com]
mongodb+srv://vibhanshi2023cse_db_user:techno123@cluster0.lpxk8fa.mongodb.net/society-app
◇ injected env (0) from .env // tip: ⌘ suppress logs { quiet: true }
⏰ GDPR Privacy Cleanup worker successfully registered.
server is running on port 3000
MONGODB IS UP
🧹 GDPR Privacy Cleanup: Successfully anonymized 0 logs older than 30 days.
◇ injected env (10) from .env // tip: ⌘ enable debugging { debug: true }
mongodb+srv://vibhanshi2023cse_db_user:techno123@cluster0.lpxk8fa.mongodb.net/society-app
◇ injected env (0) from .env // tip: ⌘ enable debugging { debug: true }
⏰ GDPR Privacy Cleanup worker successfully registered.
server is running on port 3000
MONGODB IS UP
🧹 GDPR Privacy Cleanup: Successfully anonymized 0 logs older than 30 days.
◇ injected env (10) from .env // tip: ⌘ custom filepath { path: '/custom/path/.env' }
mongodb+srv://vibhanshi2023cse_db_user:techno123@cluster0.lpxk8fa.mongodb.net/society-app
◇ injected env (0) from .env // tip: ⌘ suppress logs { quiet: true }
⏰ GDPR Privacy Cleanup worker successfully registered.
server is running on port 3000
MONGODB IS UP
🧹 GDPR Privacy Cleanup: Successfully anonymized 0 logs older than 30 days.
◇ injected env (10) from .env // tip: ⌘ suppress logs { quiet: true }
mongodb+srv://vibhanshi2023cse_db_user:techno123@cluster0.lpxk8fa.mongodb.net/society-app
◇ injected env (0) from .env // tip: ◈ encrypted .env [www.dotenvx.com]
⏰ GDPR Privacy Cleanup worker successfully registered.
server is running on port 3000
MONGODB IS UP
🧹 GDPR Privacy Cleanup: Successfully anonymized 0 logs older than 30 days.
◇ injected env (10) from .env // tip: ⌘ multiple files { path: ['.env.local', '.env'] }
mongodb+srv://vibhanshi2023cse_db_user:techno123@cluster0.lpxk8fa.mongodb.net/society-app
◇ injected env (0) from .env // tip: ⌘ custom filepath { path: '/custom/path/.env' }
⏰ GDPR Privacy Cleanup worker successfully registered.
server is running on port 3000
MONGODB IS UP
🧹 GDPR Privacy Cleanup: Successfully anonymized 0 logs older than 30 days.
◇ injected env (10) from .env // tip: ⌘ override existing { override: true }
mongodb+srv://vibhanshi2023cse_db_user:techno123@cluster0.lpxk8fa.mongodb.net/society-app
◇ injected env (0) from .env // tip: ◈ encrypted .env [www.dotenvx.com]
⏰ GDPR Privacy Cleanup worker successfully registered.
server is running on port 3000
MONGODB IS UP
🧹 GDPR Privacy Cleanup: Successfully anonymized 0 logs older than 30 days.
◇ injected env (10) from .env // tip: ⌘ enable debugging { debug: true }
mongodb+srv://vibhanshi2023cse_db_user:techno123@cluster0.lpxk8fa.mongodb.net/society-app
◇ injected env (0) from .env // tip: ◈ encrypted .env [www.dotenvx.com]
⏰ GDPR Privacy Cleanup worker successfully registered.
server is running on port 3000
MONGODB IS UP
🧹 GDPR Privacy Cleanup: Successfully anonymized 0 logs older than 30 days.
◇ injected env (10) from .env // tip: ⌘ suppress logs { quiet: true }
mongodb+srv://vibhanshi2023cse_db_user:techno123@cluster0.lpxk8fa.mongodb.net/society-app
◇ injected env (0) from .env // tip: ⌘ enable debugging { debug: true }
⏰ GDPR Privacy Cleanup worker successfully registered.
server is running on port 3000
MONGODB IS UP
🧹 GDPR Privacy Cleanup: Successfully anonymized 0 logs older than 30 days.
◇ injected env (10) from .env // tip: ⌁ auth for agents [www.vestauth.com]
mongodb+srv://vibhanshi2023cse_db_user:techno123@cluster0.lpxk8fa.mongodb.net/society-app
◇ injected env (0) from .env // tip: ⌘ override existing { override: true }
⏰ GDPR Privacy Cleanup worker successfully registered.
server is running on port 3000
MONGODB IS UP
🧹 GDPR Privacy Cleanup: Successfully anonymized 0 logs older than 30 days.
◇ injected env (10) from .env // tip: ⌘ multiple files { path: ['.env.local', '.env'] }
mongodb+srv://vibhanshi2023cse_db_user:techno123@cluster0.lpxk8fa.mongodb.net/society-app
◇ injected env (0) from .env // tip: ◈ encrypted .env [www.dotenvx.com]
⏰ GDPR Privacy Cleanup worker successfully registered.
server is running on port 3000
MONGODB IS UP
🧹 GDPR Privacy Cleanup: Successfully anonymized 0 logs older than 30 days.
◇ injected env (10) from .env // tip: ⌘ custom filepath { path: '/custom/path/.env' }
mongodb+srv://vibhanshi2023cse_db_user:techno123@cluster0.lpxk8fa.mongodb.net/society-app
◇ injected env (0) from .env // tip: ⌁ auth for agents [www.vestauth.com]
⏰ GDPR Privacy Cleanup worker successfully registered.
server is running on port 3000
MONGODB IS UP
🧹 GDPR Privacy Cleanup: Successfully anonymized 0 logs older than 30 days.
◇ injected env (10) from .env // tip: ⌘ suppress logs { quiet: true }
mongodb+srv://vibhanshi2023cse_db_user:techno123@cluster0.lpxk8fa.mongodb.net/society-app
◇ injected env (0) from .env // tip: ⌘ custom filepath { path: '/custom/path/.env' }
⏰ GDPR Privacy Cleanup worker successfully registered.
server is running on port 3000
MONGODB IS UP
🧹 GDPR Privacy Cleanup: Successfully anonymized 0 logs older than 30 days.
◇ injected env (10) from .env // tip: ⌘ suppress logs { quiet: true }
mongodb+srv://vibhanshi2023cse_db_user:techno123@cluster0.lpxk8fa.mongodb.net/society-app
◇ injected env (0) from .env // tip: ◈ encrypted .env [www.dotenvx.com]
⏰ GDPR Privacy Cleanup worker successfully registered.
server is running on port 3000
MONGODB IS UP
🧹 GDPR Privacy Cleanup: Successfully anonymized 0 logs older than 30 days.
◇ injected env (10) from .env // tip: ⌘ custom filepath { path: '/custom/path/.env' }
mongodb+srv://vibhanshi2023cse_db_user:techno123@cluster0.lpxk8fa.mongodb.net/society-app
◇ injected env (0) from .env // tip: ◈ secrets for agents [www.dotenvx.com]
⏰ GDPR Privacy Cleanup worker successfully registered.
server is running on port 3000
MONGODB IS UP
🧹 GDPR Privacy Cleanup: Successfully anonymized 0 logs older than 30 days.
◇ injected env (10) from .env // tip: ⌘ multiple files { path: ['.env.local', '.env'] }
mongodb+srv://vibhanshi2023cse_db_user:techno123@cluster0.lpxk8fa.mongodb.net/society-app
◇ injected env (0) from .env // tip: ⌘ suppress logs { quiet: true }
⏰ GDPR Privacy Cleanup worker successfully registered.
server is running on port 3000
MONGODB IS UP
🧹 GDPR Privacy Cleanup: Successfully anonymized 0 logs older than 30 days.
◇ injected env (10) from .env // tip: ⌘ custom filepath { path: '/custom/path/.env' }
mongodb+srv://vibhanshi2023cse_db_user:techno123@cluster0.lpxk8fa.mongodb.net/society-app
◇ injected env (0) from .env // tip: ⌘ override existing { override: true }
⏰ GDPR Privacy Cleanup worker successfully registered.
server is running on port 3000
MONGODB IS UP
🧹 GDPR Privacy Cleanup: Successfully anonymized 0 logs older than 30 days.
◇ injected env (10) from .env // tip: ◈ encrypted .env [www.dotenvx.com]
mongodb+srv://vibhanshi2023cse_db_user:techno123@cluster0.lpxk8fa.mongodb.net/society-app
◇ injected env (0) from .env // tip: ⌁ auth for agents [www.vestauth.com]
⏰ GDPR Privacy Cleanup worker successfully registered.
server is running on port 3000
MONGODB IS UP
🧹 GDPR Privacy Cleanup: Successfully anonymized 0 logs older than 30 days.
◇ injected env (10) from .env // tip: ⌘ multiple files { path: ['.env.local', '.env'] }
mongodb+srv://vibhanshi2023cse_db_user:techno123@cluster0.lpxk8fa.mongodb.net/society-app
◇ injected env (0) from .env // tip: ⌁ auth for agents [www.vestauth.com]
⏰ GDPR Privacy Cleanup worker successfully registered.
server is running on port 3000
MONGODB IS UP
🧹 GDPR Privacy Cleanup: Successfully anonymized 0 logs older than 30 days.
◇ injected env (10) from .env // tip: ⌘ suppress logs { quiet: true }
mongodb+srv://vibhanshi2023cse_db_user:techno123@cluster0.lpxk8fa.mongodb.net/society-app
◇ injected env (0) from .env // tip: ⌘ enable debugging { debug: true }
⏰ GDPR Privacy Cleanup worker successfully registered.
server is running on port 3000
MONGODB IS UP
🧹 GDPR Privacy Cleanup: Successfully anonymized 0 logs older than 30 days.
◇ injected env (10) from .env // tip: ⌘ multiple files { path: ['.env.local', '.env'] }
mongodb+srv://vibhanshi2023cse_db_user:techno123@cluster0.lpxk8fa.mongodb.net/society-app
◇ injected env (0) from .env // tip: ⌘ suppress logs { quiet: true }
⏰ GDPR Privacy Cleanup worker successfully registered.
server is running on port 3000
MONGODB IS UP
🧹 GDPR Privacy Cleanup: Successfully anonymized 0 logs older than 30 days.
◇ injected env (10) from .env // tip: ◈ encrypted .env [www.dotenvx.com]
mongodb+srv://vibhanshi2023cse_db_user:techno123@cluster0.lpxk8fa.mongodb.net/society-app
◇ injected env (0) from .env // tip: ⌘ suppress logs { quiet: true }
⏰ GDPR Privacy Cleanup worker successfully registered.
server is running on port 3000
MONGODB IS UP
🧹 GDPR Privacy Cleanup: Successfully anonymized 0 logs older than 30 days.
◇ injected env (10) from .env // tip: ⌘ override existing { override: true }
mongodb+srv://vibhanshi2023cse_db_user:techno123@cluster0.lpxk8fa.mongodb.net/society-app
◇ injected env (0) from .env // tip: ⌘ enable debugging { debug: true }
⏰ GDPR Privacy Cleanup worker successfully registered.
server is running on port 3000
MONGODB IS UP
🧹 GDPR Privacy Cleanup: Successfully anonymized 0 logs older than 30 days.
◇ injected env (10) from .env // tip: ⌘ custom filepath { path: '/custom/path/.env' }
mongodb+srv://vibhanshi2023cse_db_user:techno123@cluster0.lpxk8fa.mongodb.net/society-app
◇ injected env (0) from .env // tip: ◈ secrets for agents [www.dotenvx.com]
⏰ GDPR Privacy Cleanup worker successfully registered.
server is running on port 3000
MONGODB IS UP
🧹 GDPR Privacy Cleanup: Successfully anonymized 0 logs older than 30 days.
◇ injected env (10) from .env // tip: ◈ encrypted .env [www.dotenvx.com]
mongodb+srv://vibhanshi2023cse_db_user:techno123@cluster0.lpxk8fa.mongodb.net/society-app
◇ injected env (0) from .env // tip: ◈ encrypted .env [www.dotenvx.com]
⏰ GDPR Privacy Cleanup worker successfully registered.
server is running on port 3000
MONGODB IS UP
🧹 GDPR Privacy Cleanup: Successfully anonymized 0 logs older than 30 days.
◇ injected env (10) from .env // tip: ⌘ multiple files { path: ['.env.local', '.env'] }
mongodb+srv://vibhanshi2023cse_db_user:techno123@cluster0.lpxk8fa.mongodb.net/society-app
◇ injected env (0) from .env // tip: ⌘ enable debugging { debug: true }
⏰ GDPR Privacy Cleanup worker successfully registered.
server is running on port 3000
MONGODB IS UP
🧹 GDPR Privacy Cleanup: Successfully anonymized 0 logs older than 30 days.
◇ injected env (10) from .env // tip: ⌘ custom filepath { path: '/custom/path/.env' }
mongodb+srv://vibhanshi2023cse_db_user:techno123@cluster0.lpxk8fa.mongodb.net/society-app
◇ injected env (0) from .env // tip: ◈ secrets for agents [www.dotenvx.com]
⏰ GDPR Privacy Cleanup worker successfully registered.
server is running on port 3000
MONGODB IS UP
🧹 GDPR Privacy Cleanup: Successfully anonymized 0 logs older than 30 days.
◇ injected env (10) from .env // tip: ⌘ override existing { override: true }
mongodb+srv://vibhanshi2023cse_db_user:techno123@cluster0.lpxk8fa.mongodb.net/society-app
◇ injected env (0) from .env // tip: ⌘ multiple files { path: ['.env.local', '.env'] }
⏰ GDPR Privacy Cleanup worker successfully registered.
server is running on port 3000
MONGODB IS UP
🧹 GDPR Privacy Cleanup: Successfully anonymized 0 logs older than 30 days.
◇ injected env (10) from .env // tip: ⌘ multiple files { path: ['.env.local', '.env'] }
mongodb+srv://vibhanshi2023cse_db_user:techno123@cluster0.lpxk8fa.mongodb.net/society-app
◇ injected env (0) from .env // tip: ◈ secrets for agents [www.dotenvx.com]
⏰ GDPR Privacy Cleanup worker successfully registered.
server is running on port 3000
MONGODB IS UP
🧹 GDPR Privacy Cleanup: Successfully anonymized 0 logs older than 30 days.
◇ injected env (10) from .env // tip: ⌘ suppress logs { quiet: true }
mongodb+srv://vibhanshi2023cse_db_user:techno123@cluster0.lpxk8fa.mongodb.net/society-app
◇ injected env (0) from .env // tip: ⌘ suppress logs { quiet: true }
⏰ GDPR Privacy Cleanup worker successfully registered.
server is running on port 3000
MONGODB IS UP
🧹 GDPR Privacy Cleanup: Successfully anonymized 0 logs older than 30 days.
◇ injected env (10) from .env // tip: ⌘ custom filepath { path: '/custom/path/.env' }
mongodb+srv://vibhanshi2023cse_db_user:techno123@cluster0.lpxk8fa.mongodb.net/society-app
◇ injected env (0) from .env // tip: ⌁ auth for agents [www.vestauth.com]
⏰ GDPR Privacy Cleanup worker successfully registered.
server is running on port 3000
MONGODB IS UP
🧹 GDPR Privacy Cleanup: Successfully anonymized 0 logs older than 30 days.
◇ injected env (10) from .env // tip: ⌘ custom filepath { path: '/custom/path/.env' }
mongodb+srv://vibhanshi2023cse_db_user:techno123@cluster0.lpxk8fa.mongodb.net/society-app
◇ injected env (0) from .env // tip: ⌘ suppress logs { quiet: true }
⏰ GDPR Privacy Cleanup worker successfully registered.
server is running on port 3000
MONGODB IS UP
🧹 GDPR Privacy Cleanup: Successfully anonymized 0 logs older than 30 days.
◇ injected env (10) from .env // tip: ⌘ suppress logs { quiet: true }
mongodb+srv://vibhanshi2023cse_db_user:techno123@cluster0.lpxk8fa.mongodb.net/society-app
◇ injected env (0) from .env // tip: ⌁ auth for agents [www.vestauth.com]
⏰ GDPR Privacy Cleanup worker successfully registered.
server is running on port 3000
MONGODB IS UP
🧹 GDPR Privacy Cleanup: Successfully anonymized 0 logs older than 30 days.
◇ injected env (10) from .env // tip: ⌘ multiple files { path: ['.env.local', '.env'] }
mongodb+srv://vibhanshi2023cse_db_user:techno123@cluster0.lpxk8fa.mongodb.net/society-app
◇ injected env (0) from .env // tip: ⌘ custom filepath { path: '/custom/path/.env' }
⏰ GDPR Privacy Cleanup worker successfully registered.
server is running on port 3000
MONGODB IS UP
🧹 GDPR Privacy Cleanup: Successfully anonymized 0 logs older than 30 days.
◇ injected env (10) from .env // tip: ⌘ custom filepath { path: '/custom/path/.env' }
mongodb+srv://vibhanshi2023cse_db_user:techno123@cluster0.lpxk8fa.mongodb.net/society-app
◇ injected env (0) from .env // tip: ◈ secrets for agents [www.dotenvx.com]
⏰ GDPR Privacy Cleanup worker successfully registered.
server is running on port 3000
MONGODB IS UP
🧹 GDPR Privacy Cleanup: Successfully anonymized 0 logs older than 30 days.
◇ injected env (10) from .env // tip: ⌘ suppress logs { quiet: true }
mongodb+srv://vibhanshi2023cse_db_user:techno123@cluster0.lpxk8fa.mongodb.net/society-app
◇ injected env (0) from .env // tip: ⌘ enable debugging { debug: true }
⏰ GDPR Privacy Cleanup worker successfully registered.
server is running on port 3000
MONGODB IS UP
🧹 GDPR Privacy Cleanup: Successfully anonymized 0 logs older than 30 days.
◇ injected env (10) from .env // tip: ⌘ override existing { override: true }
mongodb+srv://vibhanshi2023cse_db_user:techno123@cluster0.lpxk8fa.mongodb.net/society-app
◇ injected env (0) from .env // tip: ⌘ multiple files { path: ['.env.local', '.env'] }
⏰ GDPR Privacy Cleanup worker successfully registered.
server is running on port 3000
MONGODB IS UP
🧹 GDPR Privacy Cleanup: Successfully anonymized 0 logs older than 30 days.
◇ injected env (10) from .env // tip: ⌘ override existing { override: true }
mongodb+srv://vibhanshi2023cse_db_user:techno123@cluster0.lpxk8fa.mongodb.net/society-app
◇ injected env (0) from .env // tip: ⌁ auth for agents [www.vestauth.com]
⏰ GDPR Privacy Cleanup worker successfully registered.
server is running on port 3000
MONGODB IS UP
🧹 GDPR Privacy Cleanup: Successfully anonymized 0 logs older than 30 days.
◇ injected env (10) from .env // tip: ◈ encrypted .env [www.dotenvx.com]
mongodb+srv://vibhanshi2023cse_db_user:techno123@cluster0.lpxk8fa.mongodb.net/society-app
◇ injected env (0) from .env // tip: ⌘ override existing { override: true }
⏰ GDPR Privacy Cleanup worker successfully registered.
server is running on port 3000
MONGODB IS UP
🧹 GDPR Privacy Cleanup: Successfully anonymized 0 logs older than 30 days.
◇ injected env (10) from .env // tip: ◈ secrets for agents [www.dotenvx.com]
mongodb+srv://vibhanshi2023cse_db_user:techno123@cluster0.lpxk8fa.mongodb.net/society-app
◇ injected env (0) from .env // tip: ⌘ override existing { override: true }
⏰ GDPR Privacy Cleanup worker successfully registered.
server is running on port 3000
MONGODB IS UP
🧹 GDPR Privacy Cleanup: Successfully anonymized 0 logs older than 30 days.
◇ injected env (10) from .env // tip: ⌘ custom filepath { path: '/custom/path/.env' }
mongodb+srv://vibhanshi2023cse_db_user:techno123@cluster0.lpxk8fa.mongodb.net/society-app
◇ injected env (0) from .env // tip: ⌘ override existing { override: true }
⏰ GDPR Privacy Cleanup worker successfully registered.
server is running on port 3000
MONGODB IS UP
🧹 GDPR Privacy Cleanup: Successfully anonymized 0 logs older than 30 days.
◇ injected env (10) from .env // tip: ⌘ enable debugging { debug: true }
mongodb+srv://vibhanshi2023cse_db_user:techno123@cluster0.lpxk8fa.mongodb.net/society-app
◇ injected env (0) from .env // tip: ⌘ override existing { override: true }
⏰ GDPR Privacy Cleanup worker successfully registered.
server is running on port 3000
MONGODB IS UP
🧹 GDPR Privacy Cleanup: Successfully anonymized 0 logs older than 30 days.
◇ injected env (10) from .env // tip: ◈ encrypted .env [www.dotenvx.com]
mongodb+srv://vibhanshi2023cse_db_user:techno123@cluster0.lpxk8fa.mongodb.net/society-app
◇ injected env (0) from .env // tip: ⌘ enable debugging { debug: true }
⏰ GDPR Privacy Cleanup worker successfully registered.
server is running on port 3000
MONGODB IS UP
🧹 GDPR Privacy Cleanup: Successfully anonymized 0 logs older than 30 days.
◇ injected env (10) from .env // tip: ◈ encrypted .env [www.dotenvx.com]
mongodb+srv://vibhanshi2023cse_db_user:techno123@cluster0.lpxk8fa.mongodb.net/society-app
◇ injected env (0) from .env // tip: ◈ secrets for agents [www.dotenvx.com]
⏰ GDPR Privacy Cleanup worker successfully registered.
server is running on port 3000
MONGODB IS UP
🧹 GDPR Privacy Cleanup: Successfully anonymized 0 logs older than 30 days.
◇ injected env (10) from .env // tip: ◈ encrypted .env [www.dotenvx.com]
mongodb+srv://vibhanshi2023cse_db_user:techno123@cluster0.lpxk8fa.mongodb.net/society-app
◇ injected env (0) from .env // tip: ⌘ enable debugging { debug: true }
⏰ GDPR Privacy Cleanup worker successfully registered.
server is running on port 3000
MONGODB IS UP
🧹 GDPR Privacy Cleanup: Successfully anonymized 0 logs older than 30 days.
◇ injected env (10) from .env // tip: ⌘ enable debugging { debug: true }
mongodb+srv://vibhanshi2023cse_db_user:techno123@cluster0.lpxk8fa.mongodb.net/society-app
◇ injected env (0) from .env // tip: ⌘ multiple files { path: ['.env.local', '.env'] }
⏰ GDPR Privacy Cleanup worker successfully registered.
server is running on port 3000
MONGODB IS UP
🧹 GDPR Privacy Cleanup: Successfully anonymized 0 logs older than 30 days.
◇ injected env (10) from .env // tip: ⌘ multiple files { path: ['.env.local', '.env'] }
mongodb+srv://vibhanshi2023cse_db_user:techno123@cluster0.lpxk8fa.mongodb.net/society-app
◇ injected env (0) from .env // tip: ⌘ multiple files { path: ['.env.local', '.env'] }
⏰ GDPR Privacy Cleanup worker successfully registered.
server is running on port 3000
MONGODB IS UP
🧹 GDPR Privacy Cleanup: Successfully anonymized 0 logs older than 30 days.
◇ injected env (10) from .env // tip: ◈ encrypted .env [www.dotenvx.com]
mongodb+srv://vibhanshi2023cse_db_user:techno123@cluster0.lpxk8fa.mongodb.net/society-app
◇ injected env (0) from .env // tip: ⌘ multiple files { path: ['.env.local', '.env'] }
⏰ GDPR Privacy Cleanup worker successfully registered.
server is running on port 3000
MONGODB IS UP
🧹 GDPR Privacy Cleanup: Successfully anonymized 0 logs older than 30 days.
◇ injected env (10) from .env // tip: ⌘ multiple files { path: ['.env.local', '.env'] }
mongodb+srv://vibhanshi2023cse_db_user:techno123@cluster0.lpxk8fa.mongodb.net/society-app
◇ injected env (0) from .env // tip: ⌘ custom filepath { path: '/custom/path/.env' }
⏰ GDPR Privacy Cleanup worker successfully registered.
server is running on port 3000
MONGODB IS UP
🧹 GDPR Privacy Cleanup: Successfully anonymized 0 logs older than 30 days.
◇ injected env (10) from .env // tip: ◈ secrets for agents [www.dotenvx.com]
mongodb+srv://vibhanshi2023cse_db_user:techno123@cluster0.lpxk8fa.mongodb.net/society-app
◇ injected env (0) from .env // tip: ⌘ custom filepath { path: '/custom/path/.env' }
⏰ GDPR Privacy Cleanup worker successfully registered.
server is running on port 3000
MONGODB IS UP
🧹 GDPR Privacy Cleanup: Successfully anonymized 0 logs older than 30 days.
◇ injected env (10) from .env // tip: ⌁ auth for agents [www.vestauth.com]
mongodb+srv://vibhanshi2023cse_db_user:techno123@cluster0.lpxk8fa.mongodb.net/society-app
◇ injected env (0) from .env // tip: ⌘ override existing { override: true }
⏰ GDPR Privacy Cleanup worker successfully registered.
server is running on port 3000
MONGODB IS UP
🧹 GDPR Privacy Cleanup: Successfully anonymized 0 logs older than 30 days.
◇ injected env (10) from .env // tip: ◈ secrets for agents [www.dotenvx.com]
mongodb+srv://vibhanshi2023cse_db_user:techno123@cluster0.lpxk8fa.mongodb.net/society-app
◇ injected env (0) from .env // tip: ◈ encrypted .env [www.dotenvx.com]
⏰ GDPR Privacy Cleanup worker successfully registered.
server is running on port 3000
MONGODB IS UP
🧹 GDPR Privacy Cleanup: Successfully anonymized 0 logs older than 30 days.
◇ injected env (10) from .env // tip: ⌘ multiple files { path: ['.env.local', '.env'] }
mongodb+srv://vibhanshi2023cse_db_user:techno123@cluster0.lpxk8fa.mongodb.net/society-app
◇ injected env (0) from .env // tip: ⌘ override existing { override: true }
⏰ GDPR Privacy Cleanup worker successfully registered.
server is running on port 3000
MONGODB IS UP
🧹 GDPR Privacy Cleanup: Successfully anonymized 0 logs older than 30 days.
◇ injected env (10) from .env // tip: ⌘ custom filepath { path: '/custom/path/.env' }
mongodb+srv://vibhanshi2023cse_db_user:techno123@cluster0.lpxk8fa.mongodb.net/society-app
◇ injected env (0) from .env // tip: ⌘ multiple files { path: ['.env.local', '.env'] }
⏰ GDPR Privacy Cleanup worker successfully registered.
server is running on port 3000
MONGODB IS UP
🧹 GDPR Privacy Cleanup: Successfully anonymized 0 logs older than 30 days.
◇ injected env (10) from .env // tip: ⌁ auth for agents [www.vestauth.com]
mongodb+srv://vibhanshi2023cse_db_user:techno123@cluster0.lpxk8fa.mongodb.net/society-app
◇ injected env (0) from .env // tip: ⌘ multiple files { path: ['.env.local', '.env'] }
⏰ GDPR Privacy Cleanup worker successfully registered.
server is running on port 3000
MONGODB IS UP
🧹 GDPR Privacy Cleanup: Successfully anonymized 0 logs older than 30 days.
◇ injected env (10) from .env // tip: ◈ encrypted .env [www.dotenvx.com]
mongodb+srv://vibhanshi2023cse_db_user:techno123@cluster0.lpxk8fa.mongodb.net/society-app
◇ injected env (0) from .env // tip: ⌘ suppress logs { quiet: true }
⏰ GDPR Privacy Cleanup worker successfully registered.
server is running on port 3000
MONGODB IS UP
🧹 GDPR Privacy Cleanup: Successfully anonymized 0 logs older than 30 days.
◇ injected env (10) from .env // tip: ⌘ override existing { override: true }
mongodb+srv://vibhanshi2023cse_db_user:techno123@cluster0.lpxk8fa.mongodb.net/society-app
◇ injected env (0) from .env // tip: ⌘ override existing { override: true }
⏰ GDPR Privacy Cleanup worker successfully registered.
server is running on port 3000
MONGODB IS UP
🧹 GDPR Privacy Cleanup: Successfully anonymized 0 logs older than 30 days.
◇ injected env (10) from .env // tip: ◈ secrets for agents [www.dotenvx.com]
mongodb+srv://vibhanshi2023cse_db_user:techno123@cluster0.lpxk8fa.mongodb.net/society-app
◇ injected env (0) from .env // tip: ⌁ auth for agents [www.vestauth.com]
⏰ GDPR Privacy Cleanup worker successfully registered.
server is running on port 3000
MONGODB IS UP
🧹 GDPR Privacy Cleanup: Successfully anonymized 0 logs older than 30 days.
◇ injected env (10) from .env // tip: ◈ encrypted .env [www.dotenvx.com]
mongodb+srv://vibhanshi2023cse_db_user:techno123@cluster0.lpxk8fa.mongodb.net/society-app
◇ injected env (0) from .env // tip: ⌘ suppress logs { quiet: true }
⏰ GDPR Privacy Cleanup worker successfully registered.
server is running on port 3000
MONGODB IS UP
🧹 GDPR Privacy Cleanup: Successfully anonymized 0 logs older than 30 days.
◇ injected env (10) from .env // tip: ⌘ enable debugging { debug: true }
mongodb+srv://vibhanshi2023cse_db_user:techno123@cluster0.lpxk8fa.mongodb.net/society-app
◇ injected env (0) from .env // tip: ⌘ override existing { override: true }
⏰ GDPR Privacy Cleanup worker successfully registered.
server is running on port 3000
MONGODB IS UP
🧹 GDPR Privacy Cleanup: Successfully anonymized 0 logs older than 30 days.
◇ injected env (10) from .env // tip: ⌘ custom filepath { path: '/custom/path/.env' }
mongodb+srv://vibhanshi2023cse_db_user:techno123@cluster0.lpxk8fa.mongodb.net/society-app
◇ injected env (0) from .env // tip: ⌘ override existing { override: true }
⏰ GDPR Privacy Cleanup worker successfully registered.
server is running on port 3000
MONGODB IS UP
🧹 GDPR Privacy Cleanup: Successfully anonymized 0 logs older than 30 days.
◇ injected env (10) from .env // tip: ⌘ multiple files { path: ['.env.local', '.env'] }
mongodb+srv://vibhanshi2023cse_db_user:techno123@cluster0.lpxk8fa.mongodb.net/society-app
◇ injected env (0) from .env // tip: ⌘ custom filepath { path: '/custom/path/.env' }
⏰ GDPR Privacy Cleanup worker successfully registered.
server is running on port 3000
MONGODB IS UP
🧹 GDPR Privacy Cleanup: Successfully anonymized 0 logs older than 30 days.
◇ injected env (10) from .env // tip: ⌘ custom filepath { path: '/custom/path/.env' }
mongodb+srv://vibhanshi2023cse_db_user:techno123@cluster0.lpxk8fa.mongodb.net/society-app
◇ injected env (0) from .env // tip: ◈ secrets for agents [www.dotenvx.com]
⏰ GDPR Privacy Cleanup worker successfully registered.
server is running on port 3000
MONGODB IS UP
🧹 GDPR Privacy Cleanup: Successfully anonymized 0 logs older than 30 days.
◇ injected env (10) from .env // tip: ◈ encrypted .env [www.dotenvx.com]
mongodb+srv://vibhanshi2023cse_db_user:techno123@cluster0.lpxk8fa.mongodb.net/society-app
◇ injected env (0) from .env // tip: ⌘ multiple files { path: ['.env.local', '.env'] }
⏰ GDPR Privacy Cleanup worker successfully registered.
server is running on port 3000
MONGODB IS UP
🧹 GDPR Privacy Cleanup: Successfully anonymized 0 logs older than 30 days.
◇ injected env (10) from .env // tip: ⌘ suppress logs { quiet: true }
mongodb+srv://vibhanshi2023cse_db_user:techno123@cluster0.lpxk8fa.mongodb.net/society-app
◇ injected env (0) from .env // tip: ⌁ auth for agents [www.vestauth.com]
⏰ GDPR Privacy Cleanup worker successfully registered.
server is running on port 3000
MONGODB IS UP
🧹 GDPR Privacy Cleanup: Successfully anonymized 0 logs older than 30 days.
◇ injected env (10) from .env // tip: ◈ encrypted .env [www.dotenvx.com]
mongodb+srv://vibhanshi2023cse_db_user:techno123@cluster0.lpxk8fa.mongodb.net/society-app
◇ injected env (0) from .env // tip: ⌘ enable debugging { debug: true }
⏰ GDPR Privacy Cleanup worker successfully registered.
server is running on port 3000
MONGODB IS UP
🧹 GDPR Privacy Cleanup: Successfully anonymized 0 logs older than 30 days.
◇ injected env (10) from .env // tip: ⌘ enable debugging { debug: true }
mongodb+srv://vibhanshi2023cse_db_user:techno123@cluster0.lpxk8fa.mongodb.net/society-app
◇ injected env (0) from .env // tip: ⌘ override existing { override: true }
⏰ GDPR Privacy Cleanup worker successfully registered.
server is running on port 3000
MONGODB IS UP
🧹 GDPR Privacy Cleanup: Successfully anonymized 0 logs older than 30 days.
◇ injected env (10) from .env // tip: ⌘ enable debugging { debug: true }
mongodb+srv://vibhanshi2023cse_db_user:techno123@cluster0.lpxk8fa.mongodb.net/society-app
◇ injected env (0) from .env // tip: ⌘ suppress logs { quiet: true }
⏰ GDPR Privacy Cleanup worker successfully registered.
server is running on port 3000
MONGODB IS UP
🧹 GDPR Privacy Cleanup: Successfully anonymized 0 logs older than 30 days.
◇ injected env (10) from .env // tip: ◈ secrets for agents [www.dotenvx.com]
mongodb+srv://vibhanshi2023cse_db_user:techno123@cluster0.lpxk8fa.mongodb.net/society-app
◇ injected env (0) from .env // tip: ◈ secrets for agents [www.dotenvx.com]
⏰ GDPR Privacy Cleanup worker successfully registered.
server is running on port 3000
MONGODB IS UP
🧹 GDPR Privacy Cleanup: Successfully anonymized 0 logs older than 30 days.
◇ injected env (10) from .env // tip: ⌘ enable debugging { debug: true }
mongodb+srv://vibhanshi2023cse_db_user:techno123@cluster0.lpxk8fa.mongodb.net/society-app
◇ injected env (0) from .env // tip: ◈ secrets for agents [www.dotenvx.com]
⏰ GDPR Privacy Cleanup worker successfully registered.
server is running on port 3000
MONGODB IS UP
🧹 GDPR Privacy Cleanup: Successfully anonymized 0 logs older than 30 days.
◇ injected env (10) from .env // tip: ⌘ custom filepath { path: '/custom/path/.env' }
mongodb+srv://vibhanshi2023cse_db_user:techno123@cluster0.lpxk8fa.mongodb.net/society-app
◇ injected env (0) from .env // tip: ⌘ override existing { override: true }
⏰ GDPR Privacy Cleanup worker successfully registered.
server is running on port 3000
MONGODB IS UP
🧹 GDPR Privacy Cleanup: Successfully anonymized 0 logs older than 30 days.
◇ injected env (10) from .env // tip: ◈ encrypted .env [www.dotenvx.com]
mongodb+srv://vibhanshi2023cse_db_user:techno123@cluster0.lpxk8fa.mongodb.net/society-app
◇ injected env (0) from .env // tip: ⌘ enable debugging { debug: true }
⏰ GDPR Privacy Cleanup worker successfully registered.
server is running on port 3000
MONGODB IS UP
🧹 GDPR Privacy Cleanup: Successfully anonymized 0 logs older than 30 days.
◇ injected env (10) from .env // tip: ⌘ suppress logs { quiet: true }
mongodb+srv://vibhanshi2023cse_db_user:techno123@cluster0.lpxk8fa.mongodb.net/society-app
◇ injected env (0) from .env // tip: ◈ secrets for agents [www.dotenvx.com]
⏰ GDPR Privacy Cleanup worker successfully registered.
server is running on port 3000
MONGODB IS UP
🧹 GDPR Privacy Cleanup: Successfully anonymized 0 logs older than 30 days.
◇ injected env (10) from .env // tip: ⌘ custom filepath { path: '/custom/path/.env' }
mongodb+srv://vibhanshi2023cse_db_user:techno123@cluster0.lpxk8fa.mongodb.net/society-app
◇ injected env (0) from .env // tip: ◈ encrypted .env [www.dotenvx.com]
⏰ GDPR Privacy Cleanup worker successfully registered.
server is running on port 3000
MONGODB IS UP
🧹 GDPR Privacy Cleanup: Successfully anonymized 0 logs older than 30 days.
◇ injected env (10) from .env // tip: ◈ encrypted .env [www.dotenvx.com]
mongodb+srv://vibhanshi2023cse_db_user:techno123@cluster0.lpxk8fa.mongodb.net/society-app
◇ injected env (0) from .env // tip: ⌘ enable debugging { debug: true }
⏰ GDPR Privacy Cleanup worker successfully registered.
server is running on port 3000
MONGODB IS UP
🧹 GDPR Privacy Cleanup: Successfully anonymized 0 logs older than 30 days.
◇ injected env (10) from .env // tip: ⌘ custom filepath { path: '/custom/path/.env' }
mongodb+srv://vibhanshi2023cse_db_user:techno123@cluster0.lpxk8fa.mongodb.net/society-app
◇ injected env (0) from .env // tip: ◈ encrypted .env [www.dotenvx.com]
⏰ GDPR Privacy Cleanup worker successfully registered.
server is running on port 3000
MONGODB IS UP
🧹 GDPR Privacy Cleanup: Successfully anonymized 0 logs older than 30 days.
◇ injected env (10) from .env // tip: ◈ secrets for agents [www.dotenvx.com]
mongodb+srv://vibhanshi2023cse_db_user:techno123@cluster0.lpxk8fa.mongodb.net/society-app
◇ injected env (0) from .env // tip: ⌁ auth for agents [www.vestauth.com]
⏰ GDPR Privacy Cleanup worker successfully registered.
server is running on port 3000
MONGODB IS UP
🧹 GDPR Privacy Cleanup: Successfully anonymized 0 logs older than 30 days.
◇ injected env (10) from .env // tip: ◈ secrets for agents [www.dotenvx.com]
mongodb+srv://vibhanshi2023cse_db_user:techno123@cluster0.lpxk8fa.mongodb.net/society-app
◇ injected env (0) from .env // tip: ⌁ auth for agents [www.vestauth.com]
⏰ GDPR Privacy Cleanup worker successfully registered.
server is running on port 3000
MONGODB IS UP
🧹 GDPR Privacy Cleanup: Successfully anonymized 0 logs older than 30 days.
◇ injected env (10) from .env // tip: ◈ secrets for agents [www.dotenvx.com]
mongodb+srv://vibhanshi2023cse_db_user:techno123@cluster0.lpxk8fa.mongodb.net/society-app
◇ injected env (0) from .env // tip: ⌘ enable debugging { debug: true }
⏰ GDPR Privacy Cleanup worker successfully registered.
server is running on port 3000
MONGODB IS UP
🧹 GDPR Privacy Cleanup: Successfully anonymized 0 logs older than 30 days.
◇ injected env (10) from .env // tip: ⌘ multiple files { path: ['.env.local', '.env'] }
mongodb+srv://vibhanshi2023cse_db_user:techno123@cluster0.lpxk8fa.mongodb.net/society-app
◇ injected env (0) from .env // tip: ⌘ enable debugging { debug: true }
⏰ GDPR Privacy Cleanup worker successfully registered.
server is running on port 3000
MONGODB IS UP
🧹 GDPR Privacy Cleanup: Successfully anonymized 0 logs older than 30 days.
◇ injected env (10) from .env // tip: ⌘ enable debugging { debug: true }
mongodb+srv://vibhanshi2023cse_db_user:techno123@cluster0.lpxk8fa.mongodb.net/society-app
◇ injected env (0) from .env // tip: ◈ secrets for agents [www.dotenvx.com]
⏰ GDPR Privacy Cleanup worker successfully registered.
server is running on port 3000
MONGODB IS UP
🧹 GDPR Privacy Cleanup: Successfully anonymized 0 logs older than 30 days.
◇ injected env (10) from .env // tip: ◈ encrypted .env [www.dotenvx.com]
mongodb+srv://vibhanshi2023cse_db_user:techno123@cluster0.lpxk8fa.mongodb.net/society-app
◇ injected env (0) from .env // tip: ⌘ suppress logs { quiet: true }
⏰ GDPR Privacy Cleanup worker successfully registered.
server is running on port 3000
MONGODB IS UP
🧹 GDPR Privacy Cleanup: Successfully anonymized 0 logs older than 30 days.
◇ injected env (10) from .env // tip: ⌘ suppress logs { quiet: true }
mongodb+srv://vibhanshi2023cse_db_user:techno123@cluster0.lpxk8fa.mongodb.net/society-app
◇ injected env (0) from .env // tip: ⌘ enable debugging { debug: true }
⏰ GDPR Privacy Cleanup worker successfully registered.
server is running on port 3000
MONGODB IS UP
🧹 GDPR Privacy Cleanup: Successfully anonymized 0 logs older than 30 days.
◇ injected env (10) from .env // tip: ⌘ override existing { override: true }
mongodb+srv://vibhanshi2023cse_db_user:techno123@cluster0.lpxk8fa.mongodb.net/society-app
◇ injected env (0) from .env // tip: ⌘ enable debugging { debug: true }
⏰ GDPR Privacy Cleanup worker successfully registered.
server is running on port 3000
MONGODB IS UP
🧹 GDPR Privacy Cleanup: Successfully anonymized 0 logs older than 30 days.
◇ injected env (10) from .env // tip: ⌘ suppress logs { quiet: true }
mongodb+srv://vibhanshi2023cse_db_user:techno123@cluster0.lpxk8fa.mongodb.net/society-app
◇ injected env (0) from .env // tip: ⌘ suppress logs { quiet: true }
⏰ GDPR Privacy Cleanup worker successfully registered.
server is running on port 3000
MONGODB IS UP
🧹 GDPR Privacy Cleanup: Successfully anonymized 0 logs older than 30 days.
◇ injected env (10) from .env // tip: ⌘ override existing { override: true }
mongodb+srv://vibhanshi2023cse_db_user:techno123@cluster0.lpxk8fa.mongodb.net/society-app
◇ injected env (0) from .env // tip: ◈ secrets for agents [www.dotenvx.com]
⏰ GDPR Privacy Cleanup worker successfully registered.
server is running on port 3000
MONGODB IS UP
🧹 GDPR Privacy Cleanup: Successfully anonymized 0 logs older than 30 days.
◇ injected env (10) from .env // tip: ⌘ suppress logs { quiet: true }
mongodb+srv://vibhanshi2023cse_db_user:techno123@cluster0.lpxk8fa.mongodb.net/society-app
◇ injected env (0) from .env // tip: ◈ secrets for agents [www.dotenvx.com]
⏰ GDPR Privacy Cleanup worker successfully registered.
server is running on port 3000
MONGODB IS UP
🧹 GDPR Privacy Cleanup: Successfully anonymized 0 logs older than 30 days.
◇ injected env (10) from .env // tip: ◈ encrypted .env [www.dotenvx.com]
mongodb+srv://vibhanshi2023cse_db_user:techno123@cluster0.lpxk8fa.mongodb.net/society-app
◇ injected env (0) from .env // tip: ⌘ custom filepath { path: '/custom/path/.env' }
⏰ GDPR Privacy Cleanup worker successfully registered.
server is running on port 3000
MONGODB IS UP
🧹 GDPR Privacy Cleanup: Successfully anonymized 0 logs older than 30 days.
◇ injected env (10) from .env // tip: ◈ encrypted .env [www.dotenvx.com]
mongodb+srv://vibhanshi2023cse_db_user:techno123@cluster0.lpxk8fa.mongodb.net/society-app
◇ injected env (0) from .env // tip: ⌘ multiple files { path: ['.env.local', '.env'] }
⏰ GDPR Privacy Cleanup worker successfully registered.
server is running on port 3000
MONGODB IS UP
🧹 GDPR Privacy Cleanup: Successfully anonymized 0 logs older than 30 days.
◇ injected env (10) from .env // tip: ⌘ multiple files { path: ['.env.local', '.env'] }
mongodb+srv://vibhanshi2023cse_db_user:techno123@cluster0.lpxk8fa.mongodb.net/society-app
◇ injected env (0) from .env // tip: ◈ secrets for agents [www.dotenvx.com]
⏰ GDPR Privacy Cleanup worker successfully registered.
server is running on port 3000
MONGODB IS UP
🧹 GDPR Privacy Cleanup: Successfully anonymized 0 logs older than 30 days.
◇ injected env (10) from .env // tip: ⌁ auth for agents [www.vestauth.com]
mongodb+srv://vibhanshi2023cse_db_user:techno123@cluster0.lpxk8fa.mongodb.net/society-app
◇ injected env (0) from .env // tip: ⌁ auth for agents [www.vestauth.com]
⏰ GDPR Privacy Cleanup worker successfully registered.
server is running on port 3000
MONGODB IS UP
🧹 GDPR Privacy Cleanup: Successfully anonymized 0 logs older than 30 days.
◇ injected env (10) from .env // tip: ⌁ auth for agents [www.vestauth.com]
mongodb+srv://vibhanshi2023cse_db_user:techno123@cluster0.lpxk8fa.mongodb.net/society-app
◇ injected env (0) from .env // tip: ⌘ custom filepath { path: '/custom/path/.env' }
⏰ GDPR Privacy Cleanup worker successfully registered.
server is running on port 3000
MONGODB IS UP
🧹 GDPR Privacy Cleanup: Successfully anonymized 0 logs older than 30 days.
◇ injected env (10) from .env // tip: ◈ encrypted .env [www.dotenvx.com]
mongodb+srv://vibhanshi2023cse_db_user:techno123@cluster0.lpxk8fa.mongodb.net/society-app
◇ injected env (0) from .env // tip: ⌁ auth for agents [www.vestauth.com]
⏰ GDPR Privacy Cleanup worker successfully registered.
server is running on port 3000
MONGODB IS UP
🧹 GDPR Privacy Cleanup: Successfully anonymized 0 logs older than 30 days.
◇ injected env (10) from .env // tip: ⌘ custom filepath { path: '/custom/path/.env' }
mongodb+srv://vibhanshi2023cse_db_user:techno123@cluster0.lpxk8fa.mongodb.net/society-app
◇ injected env (0) from .env // tip: ⌘ multiple files { path: ['.env.local', '.env'] }
⏰ GDPR Privacy Cleanup worker successfully registered.
server is running on port 3000
MONGODB IS UP
🧹 GDPR Privacy Cleanup: Successfully anonymized 0 logs older than 30 days.
◇ injected env (10) from .env // tip: ⌘ custom filepath { path: '/custom/path/.env' }
mongodb+srv://vibhanshi2023cse_db_user:techno123@cluster0.lpxk8fa.mongodb.net/society-app
◇ injected env (0) from .env // tip: ⌘ override existing { override: true }
⏰ GDPR Privacy Cleanup worker successfully registered.
server is running on port 3000
MONGODB IS UP
🧹 GDPR Privacy Cleanup: Successfully anonymized 0 logs older than 30 days.
◇ injected env (10) from .env // tip: ◈ secrets for agents [www.dotenvx.com]
mongodb+srv://vibhanshi2023cse_db_user:techno123@cluster0.lpxk8fa.mongodb.net/society-app
◇ injected env (0) from .env // tip: ◈ encrypted .env [www.dotenvx.com]
⏰ GDPR Privacy Cleanup worker successfully registered.
server is running on port 3000
MONGODB IS UP
🧹 GDPR Privacy Cleanup: Successfully anonymized 0 logs older than 30 days.
◇ injected env (10) from .env // tip: ⌘ custom filepath { path: '/custom/path/.env' }
mongodb+srv://vibhanshi2023cse_db_user:techno123@cluster0.lpxk8fa.mongodb.net/society-app
◇ injected env (0) from .env // tip: ⌘ enable debugging { debug: true }
⏰ GDPR Privacy Cleanup worker successfully registered.
server is running on port 3000
MONGODB IS UP
🧹 GDPR Privacy Cleanup: Successfully anonymized 0 logs older than 30 days.
◇ injected env (10) from .env // tip: ◈ secrets for agents [www.dotenvx.com]
mongodb+srv://vibhanshi2023cse_db_user:techno123@cluster0.lpxk8fa.mongodb.net/society-app
◇ injected env (0) from .env // tip: ⌁ auth for agents [www.vestauth.com]
⏰ GDPR Privacy Cleanup worker successfully registered.
server is running on port 3000
MONGODB IS UP
🧹 GDPR Privacy Cleanup: Successfully anonymized 0 logs older than 30 days.
◇ injected env (10) from .env // tip: ⌘ suppress logs { quiet: true }
mongodb+srv://vibhanshi2023cse_db_user:techno123@cluster0.lpxk8fa.mongodb.net/society-app
◇ injected env (0) from .env // tip: ⌘ multiple files { path: ['.env.local', '.env'] }
⏰ GDPR Privacy Cleanup worker successfully registered.
server is running on port 3000
MONGODB IS UP
🧹 GDPR Privacy Cleanup: Successfully anonymized 0 logs older than 30 days.
◇ injected env (10) from .env // tip: ⌘ override existing { override: true }
mongodb+srv://vibhanshi2023cse_db_user:techno123@cluster0.lpxk8fa.mongodb.net/society-app
◇ injected env (0) from .env // tip: ⌘ multiple files { path: ['.env.local', '.env'] }
⏰ GDPR Privacy Cleanup worker successfully registered.
server is running on port 3000
MONGODB IS UP
🧹 GDPR Privacy Cleanup: Successfully anonymized 0 logs older than 30 days.
◇ injected env (10) from .env // tip: ⌘ custom filepath { path: '/custom/path/.env' }
mongodb+srv://vibhanshi2023cse_db_user:techno123@cluster0.lpxk8fa.mongodb.net/society-app
◇ injected env (0) from .env // tip: ◈ encrypted .env [www.dotenvx.com]
⏰ GDPR Privacy Cleanup worker successfully registered.
server is running on port 3000
MONGODB IS UP
🧹 GDPR Privacy Cleanup: Successfully anonymized 0 logs older than 30 days.
◇ injected env (10) from .env // tip: ⌘ override existing { override: true }
mongodb+srv://vibhanshi2023cse_db_user:techno123@cluster0.lpxk8fa.mongodb.net/society-app
◇ injected env (0) from .env // tip: ⌁ auth for agents [www.vestauth.com]
⏰ GDPR Privacy Cleanup worker successfully registered.
server is running on port 3000
MONGODB IS UP
🧹 GDPR Privacy Cleanup: Successfully anonymized 0 logs older than 30 days.
◇ injected env (10) from .env // tip: ⌘ override existing { override: true }
mongodb+srv://vibhanshi2023cse_db_user:techno123@cluster0.lpxk8fa.mongodb.net/society-app
◇ injected env (0) from .env // tip: ◈ encrypted .env [www.dotenvx.com]
⏰ GDPR Privacy Cleanup worker successfully registered.
server is running on port 3000
MONGODB IS UP
🧹 GDPR Privacy Cleanup: Successfully anonymized 0 logs older than 30 days.
◇ injected env (10) from .env // tip: ⌘ enable debugging { debug: true }
mongodb+srv://vibhanshi2023cse_db_user:techno123@cluster0.lpxk8fa.mongodb.net/society-app
◇ injected env (0) from .env // tip: ⌘ enable debugging { debug: true }
⏰ GDPR Privacy Cleanup worker successfully registered.
server is running on port 3000
MONGODB IS UP
🧹 GDPR Privacy Cleanup: Successfully anonymized 0 logs older than 30 days.
◇ injected env (10) from .env // tip: ◈ secrets for agents [www.dotenvx.com]
mongodb+srv://vibhanshi2023cse_db_user:techno123@cluster0.lpxk8fa.mongodb.net/society-app
◇ injected env (0) from .env // tip: ⌘ suppress logs { quiet: true }
⏰ GDPR Privacy Cleanup worker successfully registered.
server is running on port 3000
MONGODB IS UP
🧹 GDPR Privacy Cleanup: Successfully anonymized 0 logs older than 30 days.
◇ injected env (10) from .env // tip: ⌘ enable debugging { debug: true }
mongodb+srv://vibhanshi2023cse_db_user:techno123@cluster0.lpxk8fa.mongodb.net/society-app
◇ injected env (0) from .env // tip: ◈ encrypted .env [www.dotenvx.com]
⏰ GDPR Privacy Cleanup worker successfully registered.
server is running on port 3000
MONGODB IS UP
🧹 GDPR Privacy Cleanup: Successfully anonymized 0 logs older than 30 days.
◇ injected env (10) from .env // tip: ◈ encrypted .env [www.dotenvx.com]
mongodb+srv://vibhanshi2023cse_db_user:techno123@cluster0.lpxk8fa.mongodb.net/society-app
◇ injected env (0) from .env // tip: ⌘ custom filepath { path: '/custom/path/.env' }
⏰ GDPR Privacy Cleanup worker successfully registered.
server is running on port 3000
MONGODB IS UP
🧹 GDPR Privacy Cleanup: Successfully anonymized 0 logs older than 30 days.
◇ injected env (10) from .env // tip: ⌘ custom filepath { path: '/custom/path/.env' }
mongodb+srv://vibhanshi2023cse_db_user:techno123@cluster0.lpxk8fa.mongodb.net/society-app
◇ injected env (0) from .env // tip: ⌁ auth for agents [www.vestauth.com]
⏰ GDPR Privacy Cleanup worker successfully registered.
server is running on port 3000
MONGODB IS UP
🧹 GDPR Privacy Cleanup: Successfully anonymized 0 logs older than 30 days.
◇ injected env (10) from .env // tip: ◈ encrypted .env [www.dotenvx.com]
mongodb+srv://vibhanshi2023cse_db_user:techno123@cluster0.lpxk8fa.mongodb.net/society-app
◇ injected env (0) from .env // tip: ⌘ custom filepath { path: '/custom/path/.env' }
⏰ GDPR Privacy Cleanup worker successfully registered.
server is running on port 3000
MONGODB IS UP
🧹 GDPR Privacy Cleanup: Successfully anonymized 0 logs older than 30 days.
◇ injected env (10) from .env // tip: ◈ secrets for agents [www.dotenvx.com]
mongodb+srv://vibhanshi2023cse_db_user:techno123@cluster0.lpxk8fa.mongodb.net/society-app
◇ injected env (0) from .env // tip: ◈ secrets for agents [www.dotenvx.com]
⏰ GDPR Privacy Cleanup worker successfully registered.
server is running on port 3000
MONGODB IS UP
🧹 GDPR Privacy Cleanup: Successfully anonymized 0 logs older than 30 days.
◇ injected env (10) from .env // tip: ⌘ custom filepath { path: '/custom/path/.env' }
mongodb+srv://vibhanshi2023cse_db_user:techno123@cluster0.lpxk8fa.mongodb.net/society-app
◇ injected env (0) from .env // tip: ◈ secrets for agents [www.dotenvx.com]
⏰ GDPR Privacy Cleanup worker successfully registered.
server is running on port 3000
MONGODB IS UP
🧹 GDPR Privacy Cleanup: Successfully anonymized 0 logs older than 30 days.
◇ injected env (10) from .env // tip: ⌘ override existing { override: true }
mongodb+srv://vibhanshi2023cse_db_user:techno123@cluster0.lpxk8fa.mongodb.net/society-app
◇ injected env (0) from .env // tip: ⌁ auth for agents [www.vestauth.com]
⏰ GDPR Privacy Cleanup worker successfully registered.
server is running on port 3000
MONGODB IS UP
🧹 GDPR Privacy Cleanup: Successfully anonymized 0 logs older than 30 days.
◇ injected env (10) from .env // tip: ⌁ auth for agents [www.vestauth.com]
mongodb+srv://vibhanshi2023cse_db_user:techno123@cluster0.lpxk8fa.mongodb.net/society-app
◇ injected env (0) from .env // tip: ⌘ suppress logs { quiet: true }
⏰ GDPR Privacy Cleanup worker successfully registered.
server is running on port 3000
MONGODB IS UP
🧹 GDPR Privacy Cleanup: Successfully anonymized 0 logs older than 30 days.
◇ injected env (10) from .env // tip: ⌘ enable debugging { debug: true }
mongodb+srv://vibhanshi2023cse_db_user:techno123@cluster0.lpxk8fa.mongodb.net/society-app
◇ injected env (0) from .env // tip: ⌘ suppress logs { quiet: true }
⏰ GDPR Privacy Cleanup worker successfully registered.
server is running on port 3000
MONGODB IS UP
🧹 GDPR Privacy Cleanup: Successfully anonymized 0 logs older than 30 days.
◇ injected env (10) from .env // tip: ⌘ enable debugging { debug: true }
mongodb+srv://vibhanshi2023cse_db_user:techno123@cluster0.lpxk8fa.mongodb.net/society-app
◇ injected env (0) from .env // tip: ◈ secrets for agents [www.dotenvx.com]
⏰ GDPR Privacy Cleanup worker successfully registered.
server is running on port 3000
MONGODB IS UP
🧹 GDPR Privacy Cleanup: Successfully anonymized 0 logs older than 30 days.
◇ injected env (10) from .env // tip: ⌘ override existing { override: true }
mongodb+srv://vibhanshi2023cse_db_user:techno123@cluster0.lpxk8fa.mongodb.net/society-app
◇ injected env (0) from .env // tip: ◈ encrypted .env [www.dotenvx.com]
⏰ GDPR Privacy Cleanup worker successfully registered.
server is running on port 3000
MONGODB IS UP
🧹 GDPR Privacy Cleanup: Successfully anonymized 0 logs older than 30 days.
◇ injected env (10) from .env // tip: ⌘ multiple files { path: ['.env.local', '.env'] }
mongodb+srv://vibhanshi2023cse_db_user:techno123@cluster0.lpxk8fa.mongodb.net/society-app
◇ injected env (0) from .env // tip: ⌘ multiple files { path: ['.env.local', '.env'] }
⏰ GDPR Privacy Cleanup worker successfully registered.
server is running on port 3000
MONGODB IS UP
🧹 GDPR Privacy Cleanup: Successfully anonymized 0 logs older than 30 days.
◇ injected env (10) from .env // tip: ⌁ auth for agents [www.vestauth.com]
mongodb+srv://vibhanshi2023cse_db_user:techno123@cluster0.lpxk8fa.mongodb.net/society-app
◇ injected env (0) from .env // tip: ◈ encrypted .env [www.dotenvx.com]
⏰ GDPR Privacy Cleanup worker successfully registered.
server is running on port 3000
MONGODB IS UP
🧹 GDPR Privacy Cleanup: Successfully anonymized 0 logs older than 30 days.
◇ injected env (10) from .env // tip: ⌘ enable debugging { debug: true }
mongodb+srv://vibhanshi2023cse_db_user:techno123@cluster0.lpxk8fa.mongodb.net/society-app
◇ injected env (0) from .env // tip: ⌘ custom filepath { path: '/custom/path/.env' }
⏰ GDPR Privacy Cleanup worker successfully registered.
server is running on port 3000
MONGODB IS UP
🧹 GDPR Privacy Cleanup: Successfully anonymized 0 logs older than 30 days.
◇ injected env (10) from .env // tip: ⌘ enable debugging { debug: true }
mongodb+srv://vibhanshi2023cse_db_user:techno123@cluster0.lpxk8fa.mongodb.net/society-app
◇ injected env (0) from .env // tip: ⌘ override existing { override: true }
⏰ GDPR Privacy Cleanup worker successfully registered.
server is running on port 3000
MONGODB IS UP
🧹 GDPR Privacy Cleanup: Successfully anonymized 0 logs older than 30 days.
◇ injected env (10) from .env // tip: ◈ encrypted .env [www.dotenvx.com]
mongodb+srv://vibhanshi2023cse_db_user:techno123@cluster0.lpxk8fa.mongodb.net/society-app
◇ injected env (0) from .env // tip: ◈ secrets for agents [www.dotenvx.com]
⏰ GDPR Privacy Cleanup worker successfully registered.
server is running on port 3000
MONGODB IS UP
🧹 GDPR Privacy Cleanup: Successfully anonymized 0 logs older than 30 days.
◇ injected env (10) from .env // tip: ⌘ custom filepath { path: '/custom/path/.env' }
mongodb+srv://vibhanshi2023cse_db_user:techno123@cluster0.lpxk8fa.mongodb.net/society-app
◇ injected env (0) from .env // tip: ⌘ custom filepath { path: '/custom/path/.env' }
⏰ GDPR Privacy Cleanup worker successfully registered.
server is running on port 3000
MONGODB IS UP
🧹 GDPR Privacy Cleanup: Successfully anonymized 0 logs older than 30 days.
◇ injected env (10) from .env // tip: ◈ encrypted .env [www.dotenvx.com]
mongodb+srv://vibhanshi2023cse_db_user:techno123@cluster0.lpxk8fa.mongodb.net/society-app
◇ injected env (0) from .env // tip: ⌘ multiple files { path: ['.env.local', '.env'] }
⏰ GDPR Privacy Cleanup worker successfully registered.
server is running on port 3000
MONGODB IS UP
🧹 GDPR Privacy Cleanup: Successfully anonymized 0 logs older than 30 days.
◇ injected env (10) from .env // tip: ◈ secrets for agents [www.dotenvx.com]
mongodb+srv://vibhanshi2023cse_db_user:techno123@cluster0.lpxk8fa.mongodb.net/society-app
◇ injected env (0) from .env // tip: ◈ secrets for agents [www.dotenvx.com]
⏰ GDPR Privacy Cleanup worker successfully registered.
server is running on port 3000
MONGODB IS UP
🧹 GDPR Privacy Cleanup: Successfully anonymized 0 logs older than 30 days.
◇ injected env (10) from .env // tip: ◈ secrets for agents [www.dotenvx.com]
mongodb+srv://vibhanshi2023cse_db_user:techno123@cluster0.lpxk8fa.mongodb.net/society-app
◇ injected env (0) from .env // tip: ⌘ custom filepath { path: '/custom/path/.env' }
⏰ GDPR Privacy Cleanup worker successfully registered.
server is running on port 3000
MONGODB IS UP
🧹 GDPR Privacy Cleanup: Successfully anonymized 0 logs older than 30 days.
◇ injected env (10) from .env // tip: ⌘ enable debugging { debug: true }
mongodb+srv://vibhanshi2023cse_db_user:techno123@cluster0.lpxk8fa.mongodb.net/society-app
◇ injected env (0) from .env // tip: ◈ encrypted .env [www.dotenvx.com]
⏰ GDPR Privacy Cleanup worker successfully registered.
server is running on port 3000
MONGODB IS UP
🧹 GDPR Privacy Cleanup: Successfully anonymized 0 logs older than 30 days.
◇ injected env (10) from .env // tip: ⌘ enable debugging { debug: true }
mongodb+srv://vibhanshi2023cse_db_user:techno123@cluster0.lpxk8fa.mongodb.net/society-app
◇ injected env (0) from .env // tip: ⌘ override existing { override: true }
⏰ GDPR Privacy Cleanup worker successfully registered.
server is running on port 3000
MONGODB IS UP
🧹 GDPR Privacy Cleanup: Successfully anonymized 0 logs older than 30 days.
◇ injected env (10) from .env // tip: ⌁ auth for agents [www.vestauth.com]
mongodb+srv://vibhanshi2023cse_db_user:techno123@cluster0.lpxk8fa.mongodb.net/society-app
◇ injected env (0) from .env // tip: ◈ secrets for agents [www.dotenvx.com]
⏰ GDPR Privacy Cleanup worker successfully registered.
server is running on port 3000
MONGODB IS UP
🧹 GDPR Privacy Cleanup: Successfully anonymized 0 logs older than 30 days.
◇ injected env (10) from .env // tip: ⌘ override existing { override: true }
mongodb+srv://vibhanshi2023cse_db_user:techno123@cluster0.lpxk8fa.mongodb.net/society-app
◇ injected env (0) from .env // tip: ⌘ multiple files { path: ['.env.local', '.env'] }
⏰ GDPR Privacy Cleanup worker successfully registered.
server is running on port 3000
MONGODB IS UP
🧹 GDPR Privacy Cleanup: Successfully anonymized 0 logs older than 30 days.
◇ injected env (10) from .env // tip: ⌘ override existing { override: true }
mongodb+srv://vibhanshi2023cse_db_user:techno123@cluster0.lpxk8fa.mongodb.net/society-app
◇ injected env (0) from .env // tip: ⌘ multiple files { path: ['.env.local', '.env'] }
⏰ GDPR Privacy Cleanup worker successfully registered.
server is running on port 3000
MONGODB IS UP
🧹 GDPR Privacy Cleanup: Successfully anonymized 0 logs older than 30 days.
◇ injected env (10) from .env // tip: ⌘ custom filepath { path: '/custom/path/.env' }
mongodb+srv://vibhanshi2023cse_db_user:techno123@cluster0.lpxk8fa.mongodb.net/society-app
◇ injected env (0) from .env // tip: ◈ encrypted .env [www.dotenvx.com]
⏰ GDPR Privacy Cleanup worker successfully registered.
server is running on port 3000
MONGODB IS UP
🧹 GDPR Privacy Cleanup: Successfully anonymized 0 logs older than 30 days.
◇ injected env (10) from .env // tip: ⌁ auth for agents [www.vestauth.com]
mongodb+srv://vibhanshi2023cse_db_user:techno123@cluster0.lpxk8fa.mongodb.net/society-app
◇ injected env (0) from .env // tip: ⌘ multiple files { path: ['.env.local', '.env'] }
⏰ GDPR Privacy Cleanup worker successfully registered.
server is running on port 3000
MONGODB IS UP
🧹 GDPR Privacy Cleanup: Successfully anonymized 0 logs older than 30 days.
◇ injected env (10) from .env // tip: ⌁ auth for agents [www.vestauth.com]
mongodb+srv://vibhanshi2023cse_db_user:techno123@cluster0.lpxk8fa.mongodb.net/society-app
◇ injected env (0) from .env // tip: ⌘ enable debugging { debug: true }
⏰ GDPR Privacy Cleanup worker successfully registered.
server is running on port 3000
MONGODB IS UP
🧹 GDPR Privacy Cleanup: Successfully anonymized 0 logs older than 30 days.
◇ injected env (10) from .env // tip: ◈ secrets for agents [www.dotenvx.com]
mongodb+srv://vibhanshi2023cse_db_user:techno123@cluster0.lpxk8fa.mongodb.net/society-app
◇ injected env (0) from .env // tip: ⌘ override existing { override: true }
⏰ GDPR Privacy Cleanup worker successfully registered.
server is running on port 3000
MONGODB IS UP
🧹 GDPR Privacy Cleanup: Successfully anonymized 0 logs older than 30 days.
◇ injected env (10) from .env // tip: ⌘ multiple files { path: ['.env.local', '.env'] }
mongodb+srv://vibhanshi2023cse_db_user:techno123@cluster0.lpxk8fa.mongodb.net/society-app
◇ injected env (0) from .env // tip: ⌘ multiple files { path: ['.env.local', '.env'] }
⏰ GDPR Privacy Cleanup worker successfully registered.
server is running on port 3000
MONGODB IS UP
🧹 GDPR Privacy Cleanup: Successfully anonymized 0 logs older than 30 days.
◇ injected env (10) from .env // tip: ⌘ custom filepath { path: '/custom/path/.env' }
mongodb+srv://vibhanshi2023cse_db_user:techno123@cluster0.lpxk8fa.mongodb.net/society-app
◇ injected env (0) from .env // tip: ⌘ multiple files { path: ['.env.local', '.env'] }
⏰ GDPR Privacy Cleanup worker successfully registered.
server is running on port 3000
MONGODB IS UP
🧹 GDPR Privacy Cleanup: Successfully anonymized 0 logs older than 30 days.
◇ injected env (10) from .env // tip: ⌘ multiple files { path: ['.env.local', '.env'] }
mongodb+srv://vibhanshi2023cse_db_user:techno123@cluster0.lpxk8fa.mongodb.net/society-app
◇ injected env (0) from .env // tip: ⌘ suppress logs { quiet: true }
⏰ GDPR Privacy Cleanup worker successfully registered.
server is running on port 3000
MONGODB IS UP
🧹 GDPR Privacy Cleanup: Successfully anonymized 0 logs older than 30 days.
◇ injected env (10) from .env // tip: ⌘ override existing { override: true }
mongodb+srv://vibhanshi2023cse_db_user:techno123@cluster0.lpxk8fa.mongodb.net/society-app
◇ injected env (0) from .env // tip: ⌁ auth for agents [www.vestauth.com]
⏰ GDPR Privacy Cleanup worker successfully registered.
server is running on port 3000
MONGODB IS UP
🧹 GDPR Privacy Cleanup: Successfully anonymized 0 logs older than 30 days.
◇ injected env (10) from .env // tip: ⌘ suppress logs { quiet: true }
mongodb+srv://vibhanshi2023cse_db_user:techno123@cluster0.lpxk8fa.mongodb.net/society-app
◇ injected env (0) from .env // tip: ⌁ auth for agents [www.vestauth.com]
⏰ GDPR Privacy Cleanup worker successfully registered.
server is running on port 3000
MONGODB IS UP
🧹 GDPR Privacy Cleanup: Successfully anonymized 0 logs older than 30 days.
◇ injected env (10) from .env // tip: ⌁ auth for agents [www.vestauth.com]
mongodb+srv://vibhanshi2023cse_db_user:techno123@cluster0.lpxk8fa.mongodb.net/society-app
◇ injected env (0) from .env // tip: ◈ encrypted .env [www.dotenvx.com]
⏰ GDPR Privacy Cleanup worker successfully registered.
server is running on port 3000
MONGODB IS UP
🧹 GDPR Privacy Cleanup: Successfully anonymized 0 logs older than 30 days.
◇ injected env (10) from .env // tip: ⌘ enable debugging { debug: true }
mongodb+srv://vibhanshi2023cse_db_user:techno123@cluster0.lpxk8fa.mongodb.net/society-app
◇ injected env (0) from .env // tip: ⌘ enable debugging { debug: true }
⏰ GDPR Privacy Cleanup worker successfully registered.
server is running on port 3000
MONGODB IS UP
🧹 GDPR Privacy Cleanup: Successfully anonymized 0 logs older than 30 days.
◇ injected env (10) from .env // tip: ⌘ suppress logs { quiet: true }
mongodb+srv://vibhanshi2023cse_db_user:techno123@cluster0.lpxk8fa.mongodb.net/society-app
◇ injected env (0) from .env // tip: ◈ encrypted .env [www.dotenvx.com]
⏰ GDPR Privacy Cleanup worker successfully registered.
server is running on port 3000
MONGODB IS UP
🧹 GDPR Privacy Cleanup: Successfully anonymized 0 logs older than 30 days.
◇ injected env (10) from .env // tip: ◈ encrypted .env [www.dotenvx.com]
mongodb+srv://vibhanshi2023cse_db_user:techno123@cluster0.lpxk8fa.mongodb.net/society-app
◇ injected env (0) from .env // tip: ⌘ enable debugging { debug: true }
⏰ GDPR Privacy Cleanup worker successfully registered.
server is running on port 3000
MONGODB IS UP
🧹 GDPR Privacy Cleanup: Successfully anonymized 0 logs older than 30 days.
◇ injected env (10) from .env // tip: ◈ encrypted .env [www.dotenvx.com]
mongodb+srv://vibhanshi2023cse_db_user:techno123@cluster0.lpxk8fa.mongodb.net/society-app
◇ injected env (0) from .env // tip: ⌘ custom filepath { path: '/custom/path/.env' }
⏰ GDPR Privacy Cleanup worker successfully registered.
server is running on port 3000
MONGODB IS UP
🧹 GDPR Privacy Cleanup: Successfully anonymized 0 logs older than 30 days.
◇ injected env (10) from .env // tip: ⌘ suppress logs { quiet: true }
mongodb+srv://vibhanshi2023cse_db_user:techno123@cluster0.lpxk8fa.mongodb.net/society-app
◇ injected env (0) from .env // tip: ◈ encrypted .env [www.dotenvx.com]
⏰ GDPR Privacy Cleanup worker successfully registered.
server is running on port 3000
MONGODB IS UP
🧹 GDPR Privacy Cleanup: Successfully anonymized 0 logs older than 30 days.
◇ injected env (10) from .env // tip: ⌘ suppress logs { quiet: true }
mongodb+srv://vibhanshi2023cse_db_user:techno123@cluster0.lpxk8fa.mongodb.net/society-app
◇ injected env (0) from .env // tip: ◈ encrypted .env [www.dotenvx.com]
⏰ GDPR Privacy Cleanup worker successfully registered.
server is running on port 3000
MONGODB IS UP
🧹 GDPR Privacy Cleanup: Successfully anonymized 0 logs older than 30 days.
◇ injected env (10) from .env // tip: ⌘ override existing { override: true }
mongodb+srv://vibhanshi2023cse_db_user:techno123@cluster0.lpxk8fa.mongodb.net/society-app
◇ injected env (0) from .env // tip: ⌘ override existing { override: true }
⏰ GDPR Privacy Cleanup worker successfully registered.
server is running on port 3000
MONGODB IS UP
🧹 GDPR Privacy Cleanup: Successfully anonymized 0 logs older than 30 days.
◇ injected env (10) from .env // tip: ◈ secrets for agents [www.dotenvx.com]
mongodb+srv://vibhanshi2023cse_db_user:techno123@cluster0.lpxk8fa.mongodb.net/society-app
◇ injected env (0) from .env // tip: ⌘ suppress logs { quiet: true }
⏰ GDPR Privacy Cleanup worker successfully registered.
server is running on port 3000
MONGODB IS UP
🧹 GDPR Privacy Cleanup: Successfully anonymized 0 logs older than 30 days.
◇ injected env (10) from .env // tip: ◈ encrypted .env [www.dotenvx.com]
mongodb+srv://vibhanshi2023cse_db_user:techno123@cluster0.lpxk8fa.mongodb.net/society-app
◇ injected env (0) from .env // tip: ⌘ multiple files { path: ['.env.local', '.env'] }
⏰ GDPR Privacy Cleanup worker successfully registered.
server is running on port 3000
MONGODB IS UP
🧹 GDPR Privacy Cleanup: Successfully anonymized 0 logs older than 30 days.
◇ injected env (10) from .env // tip: ⌘ multiple files { path: ['.env.local', '.env'] }
mongodb+srv://vibhanshi2023cse_db_user:techno123@cluster0.lpxk8fa.mongodb.net/society-app
◇ injected env (0) from .env // tip: ◈ encrypted .env [www.dotenvx.com]
⏰ GDPR Privacy Cleanup worker successfully registered.
server is running on port 3000
MONGODB IS UP
🧹 GDPR Privacy Cleanup: Successfully anonymized 0 logs older than 30 days.
◇ injected env (10) from .env // tip: ⌘ suppress logs { quiet: true }
mongodb+srv://vibhanshi2023cse_db_user:techno123@cluster0.lpxk8fa.mongodb.net/society-app
◇ injected env (0) from .env // tip: ⌘ custom filepath { path: '/custom/path/.env' }
⏰ GDPR Privacy Cleanup worker successfully registered.
server is running on port 3000
MONGODB IS UP
🧹 GDPR Privacy Cleanup: Successfully anonymized 0 logs older than 30 days.
◇ injected env (10) from .env // tip: ◈ secrets for agents [www.dotenvx.com]
mongodb+srv://vibhanshi2023cse_db_user:techno123@cluster0.lpxk8fa.mongodb.net/society-app
◇ injected env (0) from .env // tip: ⌁ auth for agents [www.vestauth.com]
⏰ GDPR Privacy Cleanup worker successfully registered.
server is running on port 3000
MONGODB IS UP
🧹 GDPR Privacy Cleanup: Successfully anonymized 0 logs older than 30 days.
◇ injected env (10) from .env // tip: ⌁ auth for agents [www.vestauth.com]
mongodb+srv://vibhanshi2023cse_db_user:techno123@cluster0.lpxk8fa.mongodb.net/society-app
◇ injected env (0) from .env // tip: ⌘ override existing { override: true }
⏰ GDPR Privacy Cleanup worker successfully registered.
server is running on port 3000
MONGODB IS UP
🧹 GDPR Privacy Cleanup: Successfully anonymized 0 logs older than 30 days.
◇ injected env (10) from .env // tip: ⌘ custom filepath { path: '/custom/path/.env' }
mongodb+srv://vibhanshi2023cse_db_user:techno123@cluster0.lpxk8fa.mongodb.net/society-app
◇ injected env (0) from .env // tip: ⌘ override existing { override: true }
⏰ GDPR Privacy Cleanup worker successfully registered.
server is running on port 3000
MONGODB IS UP
🧹 GDPR Privacy Cleanup: Successfully anonymized 0 logs older than 30 days.
◇ injected env (10) from .env // tip: ⌘ enable debugging { debug: true }
mongodb+srv://vibhanshi2023cse_db_user:techno123@cluster0.lpxk8fa.mongodb.net/society-app
◇ injected env (0) from .env // tip: ⌘ enable debugging { debug: true }
⏰ GDPR Privacy Cleanup worker successfully registered.
server is running on port 3000
MONGODB IS UP
🧹 GDPR Privacy Cleanup: Successfully anonymized 0 logs older than 30 days.
◇ injected env (10) from .env // tip: ⌘ custom filepath { path: '/custom/path/.env' }
mongodb+srv://vibhanshi2023cse_db_user:techno123@cluster0.lpxk8fa.mongodb.net/society-app
◇ injected env (0) from .env // tip: ⌘ multiple files { path: ['.env.local', '.env'] }
⏰ GDPR Privacy Cleanup worker successfully registered.
server is running on port 3000
MONGODB IS UP
🧹 GDPR Privacy Cleanup: Successfully anonymized 0 logs older than 30 days.
◇ injected env (10) from .env // tip: ⌘ multiple files { path: ['.env.local', '.env'] }
mongodb+srv://vibhanshi2023cse_db_user:techno123@cluster0.lpxk8fa.mongodb.net/society-app
◇ injected env (0) from .env // tip: ◈ encrypted .env [www.dotenvx.com]
⏰ GDPR Privacy Cleanup worker successfully registered.
server is running on port 3000
MONGODB IS UP
🧹 GDPR Privacy Cleanup: Successfully anonymized 0 logs older than 30 days.
◇ injected env (10) from .env // tip: ⌘ override existing { override: true }
mongodb+srv://vibhanshi2023cse_db_user:techno123@cluster0.lpxk8fa.mongodb.net/society-app
◇ injected env (0) from .env // tip: ⌘ override existing { override: true }
⏰ GDPR Privacy Cleanup worker successfully registered.
server is running on port 3000
MONGODB IS UP
🧹 GDPR Privacy Cleanup: Successfully anonymized 0 logs older than 30 days.
◇ injected env (10) from .env // tip: ◈ encrypted .env [www.dotenvx.com]
mongodb+srv://vibhanshi2023cse_db_user:techno123@cluster0.lpxk8fa.mongodb.net/society-app
◇ injected env (0) from .env // tip: ⌘ multiple files { path: ['.env.local', '.env'] }
⏰ GDPR Privacy Cleanup worker successfully registered.
server is running on port 3000
MONGODB IS UP
🧹 GDPR Privacy Cleanup: Successfully anonymized 0 logs older than 30 days.
◇ injected env (10) from .env // tip: ◈ secrets for agents [www.dotenvx.com]
mongodb+srv://vibhanshi2023cse_db_user:techno123@cluster0.lpxk8fa.mongodb.net/society-app
◇ injected env (0) from .env // tip: ⌘ override existing { override: true }
⏰ GDPR Privacy Cleanup worker successfully registered.
server is running on port 3000
MONGODB IS UP
🧹 GDPR Privacy Cleanup: Successfully anonymized 0 logs older than 30 days.
◇ injected env (10) from .env // tip: ◈ encrypted .env [www.dotenvx.com]
mongodb+srv://vibhanshi2023cse_db_user:techno123@cluster0.lpxk8fa.mongodb.net/society-app
◇ injected env (0) from .env // tip: ⌘ multiple files { path: ['.env.local', '.env'] }
⏰ GDPR Privacy Cleanup worker successfully registered.
server is running on port 3000
MONGODB IS UP
🧹 GDPR Privacy Cleanup: Successfully anonymized 0 logs older than 30 days.
◇ injected env (10) from .env // tip: ⌘ custom filepath { path: '/custom/path/.env' }
mongodb+srv://vibhanshi2023cse_db_user:techno123@cluster0.lpxk8fa.mongodb.net/society-app
◇ injected env (0) from .env // tip: ⌘ enable debugging { debug: true }
⏰ GDPR Privacy Cleanup worker successfully registered.
server is running on port 3000
MONGODB IS UP
🧹 GDPR Privacy Cleanup: Successfully anonymized 0 logs older than 30 days.
◇ injected env (10) from .env // tip: ◈ encrypted .env [www.dotenvx.com]
mongodb+srv://vibhanshi2023cse_db_user:techno123@cluster0.lpxk8fa.mongodb.net/society-app
◇ injected env (0) from .env // tip: ⌘ multiple files { path: ['.env.local', '.env'] }
⏰ GDPR Privacy Cleanup worker successfully registered.
server is running on port 3000
MONGODB IS UP
🧹 GDPR Privacy Cleanup: Successfully anonymized 0 logs older than 30 days.
◇ injected env (10) from .env // tip: ⌘ custom filepath { path: '/custom/path/.env' }
mongodb+srv://vibhanshi2023cse_db_user:techno123@cluster0.lpxk8fa.mongodb.net/society-app
◇ injected env (0) from .env // tip: ◈ encrypted .env [www.dotenvx.com]
⏰ GDPR Privacy Cleanup worker successfully registered.
server is running on port 3000
MONGODB IS UP
🧹 GDPR Privacy Cleanup: Successfully anonymized 0 logs older than 30 days.
◇ injected env (10) from .env // tip: ◈ encrypted .env [www.dotenvx.com]
mongodb+srv://vibhanshi2023cse_db_user:techno123@cluster0.lpxk8fa.mongodb.net/society-app
◇ injected env (0) from .env // tip: ⌘ override existing { override: true }
⏰ GDPR Privacy Cleanup worker successfully registered.
server is running on port 3000
MONGODB IS UP
🧹 GDPR Privacy Cleanup: Successfully anonymized 0 logs older than 30 days.
◇ injected env (10) from .env // tip: ⌘ enable debugging { debug: true }
mongodb+srv://vibhanshi2023cse_db_user:techno123@cluster0.lpxk8fa.mongodb.net/society-app
◇ injected env (0) from .env // tip: ⌘ suppress logs { quiet: true }
⏰ GDPR Privacy Cleanup worker successfully registered.
server is running on port 3000
MONGODB IS UP
🧹 GDPR Privacy Cleanup: Successfully anonymized 0 logs older than 30 days.
◇ injected env (10) from .env // tip: ⌘ multiple files { path: ['.env.local', '.env'] }
mongodb+srv://vibhanshi2023cse_db_user:techno123@cluster0.lpxk8fa.mongodb.net/society-app
◇ injected env (0) from .env // tip: ⌘ enable debugging { debug: true }
⏰ GDPR Privacy Cleanup worker successfully registered.
server is running on port 3000
MONGODB IS UP
🧹 GDPR Privacy Cleanup: Successfully anonymized 0 logs older than 30 days.
◇ injected env (10) from .env // tip: ⌘ override existing { override: true }
mongodb+srv://vibhanshi2023cse_db_user:techno123@cluster0.lpxk8fa.mongodb.net/society-app
◇ injected env (0) from .env // tip: ⌘ multiple files { path: ['.env.local', '.env'] }
⏰ GDPR Privacy Cleanup worker successfully registered.
server is running on port 3000
MONGODB IS UP
🧹 GDPR Privacy Cleanup: Successfully anonymized 0 logs older than 30 days.
◇ injected env (10) from .env // tip: ⌘ override existing { override: true }
mongodb+srv://vibhanshi2023cse_db_user:techno123@cluster0.lpxk8fa.mongodb.net/society-app
◇ injected env (0) from .env // tip: ⌘ multiple files { path: ['.env.local', '.env'] }
⏰ GDPR Privacy Cleanup worker successfully registered.
server is running on port 3000
MONGODB IS UP
🧹 GDPR Privacy Cleanup: Successfully anonymized 0 logs older than 30 days.
◇ injected env (10) from .env // tip: ⌘ custom filepath { path: '/custom/path/.env' }
mongodb+srv://vibhanshi2023cse_db_user:techno123@cluster0.lpxk8fa.mongodb.net/society-app
◇ injected env (0) from .env // tip: ⌘ custom filepath { path: '/custom/path/.env' }
⏰ GDPR Privacy Cleanup worker successfully registered.
server is running on port 3000
MONGODB IS UP
🧹 GDPR Privacy Cleanup: Successfully anonymized 0 logs older than 30 days.
◇ injected env (10) from .env // tip: ⌘ suppress logs { quiet: true }
mongodb+srv://vibhanshi2023cse_db_user:techno123@cluster0.lpxk8fa.mongodb.net/society-app
◇ injected env (0) from .env // tip: ⌁ auth for agents [www.vestauth.com]
⏰ GDPR Privacy Cleanup worker successfully registered.
server is running on port 3000
MONGODB IS UP
🧹 GDPR Privacy Cleanup: Successfully anonymized 0 logs older than 30 days.
